restaurant;url;info
Bikube Lyon - Restaurant;https://www.tripadvisor.fr/Restaurant_Review-g187265-d28100759-Reviews-Bikube_Lyon_Restaurant-Lyon_Rhone_Auvergne_Rhone_Alpes.html;{'Notes et avis': {'NOTE GLOBALE': '5,0', 'CUISINE': 'N/A', 'SERVICE': 'N/A', 'RAPPORT QUALITÉ-PRIX': 'N/A', 'AMBIANCE': 'N/A'}, 'Détails': {'FOURCHETTE DE PRIX': '6,00\xa0€-18,00\xa0€', 'CUISINES': 'Méditerranéenne', 'REPAS': 'Petit déjeuner, Déjeuner, Dîner, Brunch', 'ÉTOILES MICHELIN': 0}, 'Emplacement et coordonnées': {'ADRESSE': '9 Rue Saint-théodore, 69003 Lyon France', 'EMAIL': 'restolyon@bikube.co', 'TELEPHONE': '+33 4 51 42 04 54'}}
Frazarin Bistrot Franco Italien;https://www.tripadvisor.fr/Restaurant_Review-g187265-d23110895-Reviews-Frazarin-Lyon_Rhone_Auvergne_Rhone_Alpes.html;{'Notes et avis': {'NOTE GLOBALE': '5,0', 'CUISINE': '4,9', 'SERVICE': '4,9', 'RAPPORT QUALITÉ-PRIX': '4,9', 'AMBIANCE': '4,9'}, 'Détails': {'FOURCHETTE DE PRIX': '16,00\xa0€-38,00\xa0€', 'CUISINES': 'Italienne, Française, Saine', 'REPAS': 'Déjeuner, Dîner, Boissons', 'ÉTOILES MICHELIN': 0}, 'Emplacement et coordonnées': {'ADRESSE': '23 Rue De Condé, 69002 Lyon France', 'EMAIL': 'bistrot@frazarin.com', 'TELEPHONE': '+33 9 82 39 92 73'}}
Les Terrasses de Lyon;https://www.tripadvisor.fr/Restaurant_Review-g187265-d3727154-Reviews-Les_Terrasses_de_Lyon-Lyon_Rhone_Auvergne_Rhone_Alpes.html;{'Notes et avis': {'NOTE GLOBALE': '4,5', 'CUISINE': '4,5', 'SERVICE': '4,3', 'RAPPORT QUALITÉ-PRIX': '3,8', 'AMBIANCE': '4,3'}, 'Détails': {'CUISINES': 'Française', 'RÉGIMES SPÉCIAUX': 'Convient aux végétariens, Options végétaliennes, Options sans gluten', 'REPAS': 'Déjeuner, Dîner', 'ÉTOILES MICHELIN': 1}, 'Emplacement et coordonnées': {'ADRESSE': '25 Montee Saint Barthelemy, 69005 Lyon France', 'EMAIL': 'florentine@relaischateaux.com', 'TELEPHONE': '+33 4 72 56 56 56'}}
Le Comptoir Des Cousins;https://www.tripadvisor.fr/Restaurant_Review-g187265-d12874430-Reviews-Le_Comptoir_Des_Cousins-Lyon_Rhone_Auvergne_Rhone_Alpes.html;{'Notes et avis': {'NOTE GLOBALE': '5,0', 'CUISINE': '4,8', 'SERVICE': '4,8', 'RAPPORT QUALITÉ-PRIX': '4,6', 'AMBIANCE': '4,8'}, 'Détails': {'FOURCHETTE DE PRIX': '13,00\xa0€-28,00\xa0€', 'CUISINES': 'Française, Européenne, Saine', 'RÉGIMES SPÉCIAUX': 'Convient aux végétariens, Options végétaliennes, Options sans gluten', 'ÉTOILES MICHELIN': 0}, 'Emplacement et coordonnées': {'ADRESSE': '31 Bis Rue Ney, 69006 Lyon France', 'EMAIL': 'lecomptoirdescousins@gmail.com', 'TELEPHONE': '+33 4 78 24 35 74'}}
Le Grand Réfectoire;https://www.tripadvisor.fr/Restaurant_Review-g187265-d15373478-Reviews-Le_Grand_Refectoire-Lyon_Rhone_Auvergne_Rhone_Alpes.html;"{'Notes et avis': {'NOTE GLOBALE': '4,0', 'CUISINE': '4,1', 'SERVICE': '4,1', 'RAPPORT QUALITÉ-PRIX': '3,8', 'AMBIANCE': '4,2'}, 'Détails': {'CUISINES': 'Française, Brasserie gastronomique', 'REPAS': 'Déjeuner, Dîner, Ouvert tard, Boissons', 'FONCTIONNALITÉS': ""Réservations, Places assises, Accessible en fauteuil roulant, Sert de l'alcool, Bar complet, Bières & Vins, Cartes bancaires acceptées, Service de table, Chèques-cadeaux disponibles"", 'ÉTOILES MICHELIN': 0}, 'Emplacement et coordonnées': {'ADRESSE': '3 Cour Saint Henri Grand Hôtel Dieu, 69002 Lyon France', 'EMAIL': 'info@legrandrefectoire.com', 'TELEPHONE': '+33 4 72 41 84 96'}}"
Agastache Restaurant;https://www.tripadvisor.fr/Restaurant_Review-g187265-d20287839-Reviews-Agastache_Restaurant-Lyon_Rhone_Auvergne_Rhone_Alpes.html;{'Notes et avis': {'NOTE GLOBALE': '5,0', 'CUISINE': '4,9', 'SERVICE': '5,0', 'RAPPORT QUALITÉ-PRIX': '4,9', 'AMBIANCE': '4,7'}, 'Détails': {'FOURCHETTE DE PRIX': '25,00\xa0€-42,00\xa0€', 'CUISINES': 'Française, Moderne, Saine', 'REPAS': 'Déjeuner, Dîner', 'ÉTOILES MICHELIN': 0}, 'Emplacement et coordonnées': {'ADRESSE': '134 Rue Duguesclin, 69006 Lyon France', 'EMAIL': 'contact@agastache-restaurant-lyon.fr', 'TELEPHONE': '+33 4 78 52 30 31'}}
Le Casse Museau;https://www.tripadvisor.fr/Restaurant_Review-g187265-d949361-Reviews-Le_Casse_Museau-Lyon_Rhone_Auvergne_Rhone_Alpes.html;{'Notes et avis': {'NOTE GLOBALE': '5,0', 'CUISINE': '4,8', 'SERVICE': '4,8', 'RAPPORT QUALITÉ-PRIX': '4,6', 'AMBIANCE': '4,9'}, 'Détails': {'FOURCHETTE DE PRIX': '10,00\xa0€-38,00\xa0€', 'CUISINES': 'Française', 'REPAS': 'Déjeuner, Dîner', 'ÉTOILES MICHELIN': 0}, 'Emplacement et coordonnées': {'ADRESSE': '2 Rue Chavanne, 69001 Lyon France', 'EMAIL': 'lecassemuseau@gmail.com', 'TELEPHONE': '+33 4 78 32 64 42'}}
Le Vieux Lyon;https://www.tripadvisor.fr/Restaurant_Review-g187265-d1605401-Reviews-Le_Vieux_Lyon-Lyon_Rhone_Auvergne_Rhone_Alpes.html;{'Notes et avis': {'NOTE GLOBALE': '4,5', 'CUISINE': '4,4', 'SERVICE': '4,3', 'RAPPORT QUALITÉ-PRIX': '4,4', 'AMBIANCE': '4,4'}, 'Détails': {'FOURCHETTE DE PRIX': '15,00\xa0€-25,00\xa0€', 'CUISINES': 'Française, Européenne', 'REPAS': 'Déjeuner, Dîner', 'ÉTOILES MICHELIN': 0}, 'Emplacement et coordonnées': {'ADRESSE': '44 Rue Saint-Jean, 69005 Lyon France', 'EMAIL': 'N/A', 'TELEPHONE': '+33 4 78 42 48 89'}}
L'affreux Jojo;https://www.tripadvisor.fr/Restaurant_Review-g187265-d15114321-Reviews-L_affreux_Jojo-Lyon_Rhone_Auvergne_Rhone_Alpes.html;{'Notes et avis': {'NOTE GLOBALE': '5,0', 'CUISINE': '4,8', 'SERVICE': '4,9', 'RAPPORT QUALITÉ-PRIX': '4,7', 'AMBIANCE': '4,8'}, 'Détails': {'FOURCHETTE DE PRIX': '9,00\xa0€-15,00\xa0€', 'CUISINES': 'Italienne, Méditerranéenne, Saine', 'REPAS': 'Déjeuner, Dîner, Boissons', 'ÉTOILES MICHELIN': 0}, 'Emplacement et coordonnées': {'ADRESSE': '61 Rue de la Part-Dieu, 69003 Lyon France', 'EMAIL': 'laffreuxjojo69@gmail.com', 'TELEPHONE': '+33 4 72 64 25 86'}}
La Table d’Ambre;https://www.tripadvisor.fr/Restaurant_Review-g187265-d15087146-Reviews-La_Table_d_Ambre-Lyon_Rhone_Auvergne_Rhone_Alpes.html;{'Notes et avis': {'NOTE GLOBALE': '5,0', 'CUISINE': '4,9', 'SERVICE': '4,9', 'RAPPORT QUALITÉ-PRIX': '4,7', 'AMBIANCE': '4,7'}, 'Détails': {'FOURCHETTE DE PRIX': '28,00\xa0€-79,00\xa0€', 'CUISINES': 'Française', 'REPAS': 'Déjeuner, Dîner', 'ÉTOILES MICHELIN': 0}, 'Emplacement et coordonnées': {'ADRESSE': '46 Rue Franklin, 69002 Lyon France', 'EMAIL': 'restaurant.latabledambre@gmail.com', 'TELEPHONE': '+33 4 72 56 12 76'}}
BLO Restaurant;https://www.tripadvisor.fr/Restaurant_Review-g187265-d14913909-Reviews-BLO_Restaurant-Lyon_Rhone_Auvergne_Rhone_Alpes.html;"{'Notes et avis': {'NOTE GLOBALE': '4,5', 'CUISINE': '4,6', 'SERVICE': '4,5', 'RAPPORT QUALITÉ-PRIX': '4,2', 'AMBIANCE': '4,3'}, 'Détails': {'CUISINES': 'Française, Steakhouse, Grillades, Brasserie gastronomique', 'REPAS': 'Déjeuner, Dîner, Ouvert tard, Boissons', 'FONCTIONNALITÉS': ""Réservations, Terrasse, Salle privée, Places assises, Stationnement dans la rue, Accessible en fauteuil roulant, Sert de l'alcool, Bières & Vins, Paiements électroniques, Cartes bancaires acceptées, Service de table"", 'ÉTOILES MICHELIN': 0}, 'Emplacement et coordonnées': {'ADRESSE': '37 Rue de la Charite, 69002 Lyon France', 'EMAIL': 'hello@blo-restaurant.com', 'TELEPHONE': '+33 4 72 31 76 95'}}"
Carmelo;https://www.tripadvisor.fr/Restaurant_Review-g187265-d20088872-Reviews-Carmelo-Lyon_Rhone_Auvergne_Rhone_Alpes.html;{'Notes et avis': {'NOTE GLOBALE': '4,0', 'CUISINE': '3,9', 'SERVICE': '4,0', 'RAPPORT QUALITÉ-PRIX': '3,6', 'AMBIANCE': '3,9'}, 'Détails': {'FOURCHETTE DE PRIX': '9,00\xa0€-25,00\xa0€', 'CUISINES': 'Italienne, Toscane, Romana, Latium, Sicilienne, Ligurienne, Italie du Nord, Italie du Centre, Italie du Sud', 'REPAS': 'Déjeuner, Dîner', 'ÉTOILES MICHELIN': 0}, 'Emplacement et coordonnées': {'ADRESSE': '7 Rue Neuve, 69001 Lyon France', 'EMAIL': 'N/A', 'TELEPHONE': '+33 4 81 69 47 26'}}
Wasabi;https://www.tripadvisor.fr/Restaurant_Review-g187265-d1014592-Reviews-Wasabi-Lyon_Rhone_Auvergne_Rhone_Alpes.html;{'Notes et avis': {'NOTE GLOBALE': '4,5', 'CUISINE': '4,7', 'SERVICE': '4,4', 'RAPPORT QUALITÉ-PRIX': '4,0', 'AMBIANCE': '4,3'}, 'Détails': {'FOURCHETTE DE PRIX': '39,00\xa0€-79,00\xa0€', 'CUISINES': 'Japonaise, Sushi', 'REPAS': 'Dîner', 'ÉTOILES MICHELIN': 0}, 'Emplacement et coordonnées': {'ADRESSE': '76 Rue D’Anvers, 69007 Lyon France', 'EMAIL': 'wasabilyon@gmail.com', 'TELEPHONE': '+33 4 37 28 08 77'}}
Bouchon Les Lyonnais;https://www.tripadvisor.fr/Restaurant_Review-g187265-d2281210-Reviews-Bouchon_Les_Lyonnais-Lyon_Rhone_Auvergne_Rhone_Alpes.html;"{'Notes et avis': {'NOTE GLOBALE': '4,0', 'CUISINE': '4,2', 'SERVICE': '4,3', 'RAPPORT QUALITÉ-PRIX': '3,9', 'AMBIANCE': '4,1'}, 'Détails': {'CUISINES': 'Française, Européenne', 'REPAS': 'Déjeuner, Dîner, Ouvert tard', 'FONCTIONNALITÉS': ""Réservations, Places assises, Sert de l'alcool, Cartes bancaires acceptées, Service de table"", 'ÉTOILES MICHELIN': 0}, 'Emplacement et coordonnées': {'ADRESSE': '19 Rue de la Bombarde Angle Rue Tramassac, 69005 Lyon France', 'EMAIL': 'restaurantlyonnais@gmail.com', 'TELEPHONE': '+33 4 78 37 64 82'}}"
L'Institut Restaurant;https://www.tripadvisor.fr/Restaurant_Review-g187265-d5539701-Reviews-L_Institut_Restaurant-Lyon_Rhone_Auvergne_Rhone_Alpes.html;"{'Notes et avis': {'NOTE GLOBALE': '4,5', 'CUISINE': '4,7', 'SERVICE': '4,6', 'RAPPORT QUALITÉ-PRIX': '4,3', 'AMBIANCE': '4,5'}, 'Détails': {'CUISINES': 'Française, Européenne', 'REPAS': 'Déjeuner, Dîner', 'FONCTIONNALITÉS': ""Réservations, Salle privée, Places assises, Chaises hautes disponibles, Accessible en fauteuil roulant, Sert de l'alcool, Cartes bancaires acceptées, Service de table, Chèques-cadeaux disponibles"", 'ÉTOILES MICHELIN': 0}, 'Emplacement et coordonnées': {'ADRESSE': '20 Place Bellecour, 69002 Lyon France', 'EMAIL': 'bellecour@institutpaulbocuse.com', 'TELEPHONE': '+33 4 28 31 69 06'}}"
La Source;https://www.tripadvisor.fr/Restaurant_Review-g187265-d17541665-Reviews-La_Source-Lyon_Rhone_Auvergne_Rhone_Alpes.html;{'Notes et avis': {'NOTE GLOBALE': '5,0', 'CUISINE': '4,9', 'SERVICE': '4,9', 'RAPPORT QUALITÉ-PRIX': '4,8', 'AMBIANCE': '4,8'}, 'Détails': {'FOURCHETTE DE PRIX': '7,00\xa0€-29,00\xa0€', 'CUISINES': 'Française, Saine, Bars-restaurants', 'REPAS': 'Petit déjeuner, Déjeuner, Dîner, Boissons', 'ÉTOILES MICHELIN': 0}, 'Emplacement et coordonnées': {'ADRESSE': '17 B Rue Antoine Delandine, 69002 Lyon France', 'EMAIL': 'contact@lasource.store', 'TELEPHONE': '+33 4 87 63 82 87'}}
Mama Restaurant Lyon;https://www.tripadvisor.fr/Restaurant_Review-g187265-d4059959-Reviews-Mama_Restaurant_Lyon-Lyon_Rhone_Auvergne_Rhone_Alpes.html;{'Notes et avis': {'NOTE GLOBALE': '4,0', 'CUISINE': '3,8', 'SERVICE': '4,1', 'RAPPORT QUALITÉ-PRIX': '3,4', 'AMBIANCE': '4,2'}, 'Détails': {'FOURCHETTE DE PRIX': '7,00\xa0€-47,00\xa0€', 'CUISINES': 'Française, Bars-restaurants', 'RÉGIMES SPÉCIAUX': 'Convient aux végétariens, Options végétaliennes', 'ÉTOILES MICHELIN': 0}, 'Emplacement et coordonnées': {'ADRESSE': '13 Rue Domer, 69007 Lyon France', 'EMAIL': 'food.lyon@mamashelter.com', 'TELEPHONE': '+33 4 78 02 58 58'}}
Chez Micheline;https://www.tripadvisor.fr/Restaurant_Review-g187265-d19658212-Reviews-Chez_Micheline-Lyon_Rhone_Auvergne_Rhone_Alpes.html;"{'Notes et avis': {'NOTE GLOBALE': '4,5', 'CUISINE': '4,5', 'SERVICE': '4,5', 'RAPPORT QUALITÉ-PRIX': '4,3', 'AMBIANCE': '4,4'}, 'Détails': {'CUISINES': 'Française, Européenne, Saine', 'REPAS': 'Déjeuner, Dîner', 'FONCTIONNALITÉS': ""Réservations, Places assises, Sert de l'alcool, Bar complet, Cartes bancaires acceptées, Service de table"", 'ÉTOILES MICHELIN': 0}, 'Emplacement et coordonnées': {'ADRESSE': '14 Place Carnot, 69002 Lyon France', 'EMAIL': 'N/A', 'TELEPHONE': '+33 4 78 92 82 87'}}"
Culina Hortus;https://www.tripadvisor.fr/Restaurant_Review-g187265-d15210556-Reviews-Culina_Hortus-Lyon_Rhone_Auvergne_Rhone_Alpes.html;{'Notes et avis': {'NOTE GLOBALE': '4,5', 'CUISINE': '4,7', 'SERVICE': '4,7', 'RAPPORT QUALITÉ-PRIX': '4,5', 'AMBIANCE': '4,5'}, 'Détails': {'FOURCHETTE DE PRIX': '22,00\xa0€-52,00\xa0€', 'CUISINES': 'Française, Saine, Brasserie gastronomique', 'RÉGIMES SPÉCIAUX': 'Convient aux végétariens, Options sans gluten', 'ÉTOILES MICHELIN': 0}, 'Emplacement et coordonnées': {'ADRESSE': '38 Rue de l Arbre Sec, 69001 Lyon France', 'EMAIL': 'contact@culinahortus.com', 'TELEPHONE': '+33 4 69 84 71 08'}}
Brasserie Georges;https://www.tripadvisor.fr/Restaurant_Review-g187265-d695217-Reviews-Brasserie_Georges-Lyon_Rhone_Auvergne_Rhone_Alpes.html;{'Notes et avis': {'NOTE GLOBALE': '4,0', 'CUISINE': '3,9', 'SERVICE': '4,0', 'RAPPORT QUALITÉ-PRIX': '3,7', 'AMBIANCE': '4,0'}, 'Détails': {'FOURCHETTE DE PRIX': '25,00\xa0€-30,00\xa0€', 'CUISINES': 'Française, Bar, Européenne, Brasserie gastronomique', 'RÉGIMES SPÉCIAUX': 'Convient aux végétariens', 'ÉTOILES MICHELIN': 0}, 'Emplacement et coordonnées': {'ADRESSE': '30 Cours de Verdun Perrache, 69002 Lyon France', 'EMAIL': 'contact@brasseriegeorges.com', 'TELEPHONE': '+33 4 72 56 54 54'}}
Empanadas Club;https://www.tripadvisor.fr/Restaurant_Review-g187265-d19896976-Reviews-Empanadas_Club-Lyon_Rhone_Auvergne_Rhone_Alpes.html;{'Notes et avis': {'NOTE GLOBALE': '5,0', 'CUISINE': '4,9', 'SERVICE': '4,9', 'RAPPORT QUALITÉ-PRIX': '4,8', 'AMBIANCE': '4,8'}, 'Détails': {'FOURCHETTE DE PRIX': '15,00\xa0€-25,00\xa0€', 'CUISINES': 'Latino, Saine, Argentine, Sud-américaine', 'REPAS': 'Déjeuner, Dîner, Ouvert tard, Boissons', 'ÉTOILES MICHELIN': 0}, 'Emplacement et coordonnées': {'ADRESSE': '4 Rue Pizay Près De La Place Des Terreaux, 69001 Lyon France', 'EMAIL': 'lyon@empanadasclub.com', 'TELEPHONE': '+33 4 83 43 27 23'}}
Le Bouchon Sully;https://www.tripadvisor.fr/Restaurant_Review-g187265-d7290042-Reviews-Le_Bouchon_Sully-Lyon_Rhone_Auvergne_Rhone_Alpes.html;{'Notes et avis': {'NOTE GLOBALE': '4,5', 'CUISINE': '4,1', 'SERVICE': '4,2', 'RAPPORT QUALITÉ-PRIX': '4,0', 'AMBIANCE': '4,1'}, 'Détails': {'FOURCHETTE DE PRIX': '22,00\xa0€-41,00\xa0€', 'CUISINES': 'Française, Européenne', 'REPAS': 'Déjeuner, Dîner', 'ÉTOILES MICHELIN': 0}, 'Emplacement et coordonnées': {'ADRESSE': '20, rue Sully, 69006 Lyon France', 'EMAIL': 'lebouchonsully@orange.fr', 'TELEPHONE': '+33 4 78 89 07 09'}}
Burgundy By Matthieu;https://www.tripadvisor.fr/Restaurant_Review-g187265-d6453660-Reviews-Burgundy_By_Matthieu-Lyon_Rhone_Auvergne_Rhone_Alpes.html;{'Notes et avis': {'NOTE GLOBALE': '4,5', 'CUISINE': '4,7', 'SERVICE': '4,7', 'RAPPORT QUALITÉ-PRIX': '4,3', 'AMBIANCE': '4,6'}, 'Détails': {'FOURCHETTE DE PRIX': '32,00\xa0€-101,00\xa0€', 'CUISINES': 'Française, Européenne, Bar à vins', 'RÉGIMES SPÉCIAUX': 'Options sans gluten', 'ÉTOILES MICHELIN': 1}, 'Emplacement et coordonnées': {'ADRESSE': '24 Quai Saint Antoine, 69002 Lyon France', 'EMAIL': 'info@burgundybym.fr', 'TELEPHONE': '+33 4 72 04 04 51'}}
Restaurant Le Musée;https://www.tripadvisor.fr/Restaurant_Review-g187265-d1395616-Reviews-Restaurant_Le_Musee-Lyon_Rhone_Auvergne_Rhone_Alpes.html;"{'Notes et avis': {'NOTE GLOBALE': '4,5', 'CUISINE': '4,7', 'SERVICE': '4,6', 'RAPPORT QUALITÉ-PRIX': '4,5', 'AMBIANCE': '4,6'}, 'Détails': {'CUISINES': 'Française', 'REPAS': 'Déjeuner, Dîner, Ouvert tard', 'FONCTIONNALITÉS': ""Réservations, Places assises, Sert de l'alcool, Cartes bancaires acceptées, Service de table"", 'ÉTOILES MICHELIN': 0}, 'Emplacement et coordonnées': {'ADRESSE': '2 Rue des Forces, 69002 Lyon France', 'EMAIL': 'N/A', 'TELEPHONE': '+33 4 78 37 71 54'}}"
Copains Copines Sur la Colline;https://www.tripadvisor.fr/Restaurant_Review-g187265-d7015032-Reviews-Copains_Copines_Sur_la_Colline-Lyon_Rhone_Auvergne_Rhone_Alpes.html;{'Notes et avis': {'NOTE GLOBALE': '5,0', 'CUISINE': '4,7', 'SERVICE': '4,7', 'RAPPORT QUALITÉ-PRIX': '4,5', 'AMBIANCE': '4,3'}, 'Détails': {'FOURCHETTE DE PRIX': '10,00\xa0€-33,00\xa0€', 'CUISINES': 'Française, Brasserie gastronomique', 'RÉGIMES SPÉCIAUX': 'Convient aux végétariens', 'ÉTOILES MICHELIN': 0}, 'Emplacement et coordonnées': {'ADRESSE': '3 Rue Duviard, 69004 Lyon France', 'EMAIL': 'N/A', 'TELEPHONE': '+33 4 78 61 73 88'}}
Le Desjeuneur;https://www.tripadvisor.fr/Restaurant_Review-g187265-d12714765-Reviews-Le_Desjeuneur-Lyon_Rhone_Auvergne_Rhone_Alpes.html;{'Notes et avis': {'NOTE GLOBALE': '4,5', 'CUISINE': '4,7', 'SERVICE': '4,5', 'RAPPORT QUALITÉ-PRIX': '4,6', 'AMBIANCE': '4,0'}, 'Détails': {'CUISINES': 'Française, Américaine, Européenne, Moderne, Saine', 'RÉGIMES SPÉCIAUX': 'Convient aux végétariens, Options végétaliennes, Options sans gluten', 'REPAS': 'Petit déjeuner, Déjeuner, Brunch', 'ÉTOILES MICHELIN': 0}, 'Emplacement et coordonnées': {'ADRESSE': '3 rue des Pierres Plantees, 69001 Lyon France', 'EMAIL': 'ledesjeuneur@gmail.com', 'TELEPHONE': '+33 6 60 78 74 58'}}
La Table de Max;https://www.tripadvisor.fr/Restaurant_Review-g187265-d15639122-Reviews-La_Table_de_Max-Lyon_Rhone_Auvergne_Rhone_Alpes.html;"{'Notes et avis': {'NOTE GLOBALE': '5,0', 'CUISINE': '4,8', 'SERVICE': '4,7', 'RAPPORT QUALITÉ-PRIX': '4,5', 'AMBIANCE': '4,5'}, 'Détails': {'CUISINES': 'Française, Européenne, Saine', 'REPAS': 'Déjeuner, Dîner', 'FONCTIONNALITÉS': ""Réservations, Places assises, Sert de l'alcool, Bar complet, Service de table"", 'ÉTOILES MICHELIN': 0}, 'Emplacement et coordonnées': {'ADRESSE': '46 Avenue Jean Jaurès, 69007 Lyon France', 'EMAIL': 'resa@table-de-max.fr', 'TELEPHONE': '+33 4 78 72 09 73'}}"
L'Alexandrin;https://www.tripadvisor.fr/Restaurant_Review-g187265-d718105-Reviews-L_Alexandrin-Lyon_Rhone_Auvergne_Rhone_Alpes.html;{'Notes et avis': {'NOTE GLOBALE': '4,5', 'CUISINE': '4,6', 'SERVICE': '4,4', 'RAPPORT QUALITÉ-PRIX': '4,2', 'AMBIANCE': '4,1'}, 'Détails': {'FOURCHETTE DE PRIX': '27,00\xa0€-111,00\xa0€', 'CUISINES': 'Française, Européenne', 'RÉGIMES SPÉCIAUX': 'Convient aux végétariens, Options végétaliennes', 'ÉTOILES MICHELIN': 0}, 'Emplacement et coordonnées': {'ADRESSE': '83 Rue Moncey, 69003 Lyon France', 'EMAIL': 'reservations@lalexandrin.fr', 'TELEPHONE': '+33 4 72 61 15 69'}}
Table & Partage;https://www.tripadvisor.fr/Restaurant_Review-g187265-d18626103-Reviews-Table_Partage-Lyon_Rhone_Auvergne_Rhone_Alpes.html;{'Notes et avis': {'NOTE GLOBALE': '5,0', 'CUISINE': '4,9', 'SERVICE': '4,9', 'RAPPORT QUALITÉ-PRIX': '4,8', 'AMBIANCE': '4,7'}, 'Détails': {'FOURCHETTE DE PRIX': '29,00\xa0€-49,00\xa0€', 'CUISINES': 'Française, Saine, Brasserie gastronomique', 'REPAS': 'Déjeuner, Dîner, Boissons', 'ÉTOILES MICHELIN': 0}, 'Emplacement et coordonnées': {'ADRESSE': '52 Rue Étienne Richerand, 69003 Lyon France', 'EMAIL': 'contact@table-et-partage.com', 'TELEPHONE': '+33 4 87 24 79 74'}}
Monsieur P;https://www.tripadvisor.fr/Restaurant_Review-g187265-d13200359-Reviews-Monsieur_P-Lyon_Rhone_Auvergne_Rhone_Alpes.html;{'Notes et avis': {'NOTE GLOBALE': '4,5', 'CUISINE': '4,7', 'SERVICE': '4,8', 'RAPPORT QUALITÉ-PRIX': '4,5', 'AMBIANCE': '4,7'}, 'Détails': {'FOURCHETTE DE PRIX': '34,00\xa0€-119,00\xa0€', 'CUISINES': 'Française', 'RÉGIMES SPÉCIAUX': 'Convient aux végétariens, Options sans gluten', 'ÉTOILES MICHELIN': 0}, 'Emplacement et coordonnées': {'ADRESSE': '8 Place des Célestins Rue Pazzi, 69002 Lyon France', 'EMAIL': 'contact@monsieurp.fr', 'TELEPHONE': '+33 4 81 18 70 24'}}
Les 3 Dômes;https://www.tripadvisor.fr/Restaurant_Review-g187265-d798706-Reviews-Les_3_Domes-Lyon_Rhone_Auvergne_Rhone_Alpes.html;{'Notes et avis': {'NOTE GLOBALE': '4,5', 'CUISINE': '4,4', 'SERVICE': '4,5', 'RAPPORT QUALITÉ-PRIX': '3,9', 'AMBIANCE': '4,0'}, 'Détails': {'FOURCHETTE DE PRIX': '40,00\xa0€-60,00\xa0€', 'CUISINES': 'Française, Européenne', 'RÉGIMES SPÉCIAUX': 'Convient aux végétariens, Options végétaliennes, Options sans gluten', 'ÉTOILES MICHELIN': 0}, 'Emplacement et coordonnées': {'ADRESSE': '20 Quai Dr Gailleton Hotel Sofitel  Lyon Bellecour, 69002 Lyon France', 'EMAIL': 'h0553-fb2@sofitel.com', 'TELEPHONE': '+33 4 72 41 20 97'}}
Bikube Lyon - Restaurant;https://www.tripadvisor.fr/Restaurant_Review-g187265-d28100759-Reviews-Bikube_Lyon_Restaurant-Lyon_Rhone_Auvergne_Rhone_Alpes.html;{'Notes et avis': {'NOTE GLOBALE': '5,0', 'CUISINE': 'N/A', 'SERVICE': 'N/A', 'RAPPORT QUALITÉ-PRIX': 'N/A', 'AMBIANCE': 'N/A'}, 'Détails': {'FOURCHETTE DE PRIX': '6,00\xa0€-18,00\xa0€', 'CUISINES': 'Méditerranéenne', 'REPAS': 'Petit déjeuner, Déjeuner, Dîner, Brunch', 'ÉTOILES MICHELIN': 0}, 'Emplacement et coordonnées': {'ADRESSE': '9 Rue Saint-théodore, 69003 Lyon France', 'EMAIL': 'restolyon@bikube.co', 'TELEPHONE': '+33 4 51 42 04 54'}}
Carnet Gourmand;https://www.tripadvisor.fr/Restaurant_Review-g187265-d4068496-Reviews-Carnet_Gourmand-Lyon_Rhone_Auvergne_Rhone_Alpes.html;{'Notes et avis': {'NOTE GLOBALE': '4,5', 'CUISINE': '4,5', 'SERVICE': '4,3', 'RAPPORT QUALITÉ-PRIX': '4,3', 'AMBIANCE': '3,8'}, 'Détails': {'FOURCHETTE DE PRIX': '9,00\xa0€-20,00\xa0€', 'CUISINES': 'Chinoise, Asiatique, Sichuan, Yunnan', 'RÉGIMES SPÉCIAUX': 'Convient aux végétariens, Options végétaliennes', 'ÉTOILES MICHELIN': 0}, 'Emplacement et coordonnées': {'ADRESSE': '15 rue Neuve, 69001 Lyon France', 'EMAIL': 'zhao@restaurantchinois-carnetgourmand.com', 'TELEPHONE': '+33 4 72 73 05 45'}}
La mere Jean;https://www.tripadvisor.fr/Restaurant_Review-g187265-d785269-Reviews-La_mere_Jean-Lyon_Rhone_Auvergne_Rhone_Alpes.html;"{'Notes et avis': {'NOTE GLOBALE': '4,5', 'CUISINE': '4,4', 'SERVICE': '4,3', 'RAPPORT QUALITÉ-PRIX': '4,4', 'AMBIANCE': '4,2'}, 'Détails': {'CUISINES': 'Française, Européenne', 'REPAS': 'Déjeuner, Dîner, Ouvert tard', 'FONCTIONNALITÉS': ""Réservations, Places assises, Sert de l'alcool, Cartes bancaires acceptées, Service de table"", 'ÉTOILES MICHELIN': 0}, 'Emplacement et coordonnées': {'ADRESSE': '5 rue des Marronniers, 69002 Lyon France', 'EMAIL': 'N/A', 'TELEPHONE': '+33 4 78 37 81 27'}}"
Mattsam Restaurant Messob;https://www.tripadvisor.fr/Restaurant_Review-g187265-d1330943-Reviews-Mattsam_Restaurant_Messob-Lyon_Rhone_Auvergne_Rhone_Alpes.html;{'Notes et avis': {'NOTE GLOBALE': '4,0', 'CUISINE': '4,3', 'SERVICE': '4,1', 'RAPPORT QUALITÉ-PRIX': '4,1', 'AMBIANCE': '3,9'}, 'Détails': {'CUISINES': 'Africaine, Éthiopienne', 'RÉGIMES SPÉCIAUX': 'Convient aux végétariens, Options végétaliennes', 'REPAS': 'Déjeuner, Dîner', 'ÉTOILES MICHELIN': 0}, 'Emplacement et coordonnées': {'ADRESSE': '85 rue Massena, 69006 Lyon France', 'EMAIL': 'N/A', 'TELEPHONE': '+33 4 78 24 25 75'}}
Chez Antonin;https://www.tripadvisor.fr/Restaurant_Review-g187265-d2507320-Reviews-Chez_Antonin-Lyon_Rhone_Auvergne_Rhone_Alpes.html;"{'Notes et avis': {'NOTE GLOBALE': '4,5', 'CUISINE': '4,6', 'SERVICE': '4,5', 'RAPPORT QUALITÉ-PRIX': '4,0', 'AMBIANCE': '4,2'}, 'Détails': {'CUISINES': 'Française, Fruits de mer et poisson, Européenne', 'REPAS': 'Déjeuner', 'FONCTIONNALITÉS': ""Plats à emporter, Réservations, Places assises, Accessible en fauteuil roulant, Sert de l'alcool, Bières & Vins, Paiements électroniques, Cartes bancaires acceptées, Service de table"", 'ÉTOILES MICHELIN': 0}, 'Emplacement et coordonnées': {'ADRESSE': 'Halles de Lyon 102 Cours Lafayette, 69003 Lyon France', 'EMAIL': 'erigiraud@numericable.fr', 'TELEPHONE': '+33 4 24 41 02 01'}}"
L'Acteur;https://www.tripadvisor.fr/Restaurant_Review-g187265-d1332430-Reviews-L_Acteur-Lyon_Rhone_Auvergne_Rhone_Alpes.html;"{'Notes et avis': {'NOTE GLOBALE': '4,5', 'CUISINE': '4,6', 'SERVICE': '4,5', 'RAPPORT QUALITÉ-PRIX': '4,5', 'AMBIANCE': '4,2'}, 'Détails': {'CUISINES': 'Française, Européenne', 'REPAS': 'Déjeuner, Dîner, Ouvert tard', 'FONCTIONNALITÉS': ""Réservations, Places assises, Sert de l'alcool, Cartes bancaires acceptées, Service de table"", 'ÉTOILES MICHELIN': 0}, 'Emplacement et coordonnées': {'ADRESSE': '5 rue Charles Dullin, 69002 Lyon France', 'EMAIL': 'N/A', 'TELEPHONE': '+33 4 78 92 88 53'}}"
La Gache;https://www.tripadvisor.fr/Restaurant_Review-g187265-d21221126-Reviews-La_Gache-Lyon_Rhone_Auvergne_Rhone_Alpes.html;{'Notes et avis': {'NOTE GLOBALE': '5,0', 'CUISINE': '4,9', 'SERVICE': '5,0', 'RAPPORT QUALITÉ-PRIX': '4,8', 'AMBIANCE': '4,9'}, 'Détails': {'FOURCHETTE DE PRIX': '10,00\xa0€-27,00\xa0€', 'CUISINES': 'Française, Européenne, Saine', 'REPAS': 'Déjeuner, Dîner, Boissons', 'ÉTOILES MICHELIN': 0}, 'Emplacement et coordonnées': {'ADRESSE': '2 Place du Petit College, 69005 Lyon France', 'EMAIL': 'contact@lagache-restaurant.fr', 'TELEPHONE': '+33 9 84 23 58 71'}}
Trattino;https://www.tripadvisor.fr/Restaurant_Review-g187265-d15670272-Reviews-Trattino-Lyon_Rhone_Auvergne_Rhone_Alpes.html;{'Notes et avis': {'NOTE GLOBALE': '5,0', 'CUISINE': '4,7', 'SERVICE': '4,8', 'RAPPORT QUALITÉ-PRIX': '4,5', 'AMBIANCE': '4,7'}, 'Détails': {'FOURCHETTE DE PRIX': '7,00\xa0€-21,00\xa0€', 'CUISINES': 'Italienne, Saine, Bars-restaurants', 'REPAS': 'Déjeuner, Dîner, Ouvert tard, Boissons', 'ÉTOILES MICHELIN': 0}, 'Emplacement et coordonnées': {'ADRESSE': '58 Rue Clément Marot, 69007 Lyon France', 'EMAIL': 'contact@trattino.fr', 'TELEPHONE': '+33 4 72 76 10 47'}}
Sabai Sabai;https://www.tripadvisor.fr/Restaurant_Review-g187265-d14001472-Reviews-Sabai_Sabai-Lyon_Rhone_Auvergne_Rhone_Alpes.html;{'Notes et avis': {'NOTE GLOBALE': '4,5', 'CUISINE': '4,7', 'SERVICE': '4,7', 'RAPPORT QUALITÉ-PRIX': '4,5', 'AMBIANCE': '4,2'}, 'Détails': {'CUISINES': 'Asiatique, Thaï, Vietnamienne, Saine, Cuisine de rue (street food)', 'RÉGIMES SPÉCIAUX': 'Convient aux végétariens, Options végétaliennes, Options sans gluten', 'REPAS': 'Déjeuner, Dîner, Ouvert tard, Boissons', 'ÉTOILES MICHELIN': 0}, 'Emplacement et coordonnées': {'ADRESSE': '4 Petite rue des Feuillants, 69001 Lyon France', 'EMAIL': 'contact@sabaisabai.fr', 'TELEPHONE': '+33 4 26 72 45 87'}}
Bouchon Tupin;https://www.tripadvisor.fr/Restaurant_Review-g187265-d15222656-Reviews-Bouchon_Tupin-Lyon_Rhone_Auvergne_Rhone_Alpes.html;{'Notes et avis': {'NOTE GLOBALE': '5,0', 'CUISINE': '4,7', 'SERVICE': '4,6', 'RAPPORT QUALITÉ-PRIX': '4,6', 'AMBIANCE': '4,4'}, 'Détails': {'FOURCHETTE DE PRIX': '21,00\xa0€-27,00\xa0€', 'CUISINES': 'Française, Européenne', 'REPAS': 'Déjeuner, Dîner', 'ÉTOILES MICHELIN': 0}, 'Emplacement et coordonnées': {'ADRESSE': '30 Rue Tupin, 69002 Lyon France', 'EMAIL': 'contact@bouchontupin.com', 'TELEPHONE': '+33 4 78 37 45 93'}}
Zappo;https://www.tripadvisor.fr/Restaurant_Review-g187265-d12330374-Reviews-Zappo-Lyon_Rhone_Auvergne_Rhone_Alpes.html;{'Notes et avis': {'NOTE GLOBALE': '4,5', 'CUISINE': '4,6', 'SERVICE': '4,5', 'RAPPORT QUALITÉ-PRIX': '4,3', 'AMBIANCE': '4,5'}, 'Détails': {'FOURCHETTE DE PRIX': '15,00\xa0€-19,00\xa0€', 'CUISINES': 'Italienne, Pizza, Méditerranéenne, Européenne', 'RÉGIMES SPÉCIAUX': 'Convient aux végétariens, Options végétaliennes', 'ÉTOILES MICHELIN': 0}, 'Emplacement et coordonnées': {'ADRESSE': '6 Rue Challemel Lacour, 69007 Lyon France', 'EMAIL': 'contact@zappo.fr', 'TELEPHONE': '+33 4 72 71 79 88'}}
La Bouteillerie;https://www.tripadvisor.fr/Restaurant_Review-g187265-d2027277-Reviews-La_Bouteillerie-Lyon_Rhone_Auvergne_Rhone_Alpes.html;{'Notes et avis': {'NOTE GLOBALE': '5,0', 'CUISINE': '4,6', 'SERVICE': '4,8', 'RAPPORT QUALITÉ-PRIX': '4,6', 'AMBIANCE': '4,8'}, 'Détails': {'FOURCHETTE DE PRIX': '14,00\xa0€-26,00\xa0€', 'CUISINES': 'Française, Bar à vins', 'RÉGIMES SPÉCIAUX': 'Convient aux végétariens', 'ÉTOILES MICHELIN': 0}, 'Emplacement et coordonnées': {'ADRESSE': '9 Rue de la Martinière, 69001 Lyon France', 'EMAIL': 'labouteillerie@yahoo.fr', 'TELEPHONE': '+33 6 60 99 35 27'}}
Court Bouillon;https://www.tripadvisor.fr/Restaurant_Review-g187265-d17816279-Reviews-Court_Bouillon-Lyon_Rhone_Auvergne_Rhone_Alpes.html;{'Notes et avis': {'NOTE GLOBALE': '5,0', 'CUISINE': '4,8', 'SERVICE': '4,8', 'RAPPORT QUALITÉ-PRIX': '4,6', 'AMBIANCE': '4,2'}, 'Détails': {'FOURCHETTE DE PRIX': '25,00\xa0€-35,00\xa0€', 'CUISINES': 'Française, Moderne, Diner, Saine', 'REPAS': 'Déjeuner, Dîner', 'ÉTOILES MICHELIN': 0}, 'Emplacement et coordonnées': {'ADRESSE': '4 rue Ferrachat, 69005 Lyon France', 'EMAIL': 'courtbouillonlyon@gmail.com', 'TELEPHONE': '+33 4 78 42 49 33'}}
Fiston - Bouchon Lyonnais;https://www.tripadvisor.fr/Restaurant_Review-g187265-d15130370-Reviews-Fiston_Bouchon_Lyonnais-Lyon_Rhone_Auvergne_Rhone_Alpes.html;{'Notes et avis': {'NOTE GLOBALE': '4,5', 'CUISINE': '4,2', 'SERVICE': '4,3', 'RAPPORT QUALITÉ-PRIX': '4,1', 'AMBIANCE': '4,0'}, 'Détails': {'FOURCHETTE DE PRIX': '10,00\xa0€-30,00\xa0€', 'CUISINES': 'Française, Saine', 'REPAS': 'Déjeuner, Dîner, Ouvert tard', 'ÉTOILES MICHELIN': 0}, 'Emplacement et coordonnées': {'ADRESSE': '33 Rue Saint-Jean, 69005 Lyon France', 'EMAIL': 'fistonbouchon@gmail.com', 'TELEPHONE': '+33 4 78 37 23 68'}}
La Mere Brazier;https://www.tripadvisor.fr/Restaurant_Review-g187265-d718686-Reviews-La_Mere_Brazier-Lyon_Rhone_Auvergne_Rhone_Alpes.html;{'Notes et avis': {'NOTE GLOBALE': '4,5', 'CUISINE': '4,6', 'SERVICE': '4,6', 'RAPPORT QUALITÉ-PRIX': '4,1', 'AMBIANCE': '4,2'}, 'Détails': {'CUISINES': 'Française, Européenne', 'RÉGIMES SPÉCIAUX': 'Options sans gluten', 'REPAS': 'Déjeuner, Dîner', 'ÉTOILES MICHELIN': 2}, 'Emplacement et coordonnées': {'ADRESSE': '12 Rue Royale, 69001 Lyon France', 'EMAIL': 'contact@lamerebrazier.fr', 'TELEPHONE': '+33 4 78 23 17 20'}}
Ti amo Maria;https://www.tripadvisor.fr/Restaurant_Review-g187265-d3184505-Reviews-Ti_amo_Maria-Lyon_Rhone_Auvergne_Rhone_Alpes.html;{'Notes et avis': {'NOTE GLOBALE': '4,5', 'CUISINE': '4,6', 'SERVICE': '4,6', 'RAPPORT QUALITÉ-PRIX': '4,5', 'AMBIANCE': '4,4'}, 'Détails': {'FOURCHETTE DE PRIX': '15,00\xa0€-25,00\xa0€', 'CUISINES': 'Italienne, Pizza, Méditerranéenne, Européenne', 'RÉGIMES SPÉCIAUX': 'Convient aux végétariens, Options végétaliennes', 'ÉTOILES MICHELIN': 0}, 'Emplacement et coordonnées': {'ADRESSE': '48 quai Perrache, 69002 Lyon France', 'EMAIL': 'N/A', 'TELEPHONE': '+33 4 78 38 38 44'}}
Celest Restaurant;https://www.tripadvisor.fr/Restaurant_Review-g187265-d10720590-Reviews-Celest_Restaurant-Lyon_Rhone_Auvergne_Rhone_Alpes.html;{'Notes et avis': {'NOTE GLOBALE': '4,0', 'CUISINE': '4,1', 'SERVICE': '4,2', 'RAPPORT QUALITÉ-PRIX': '3,6', 'AMBIANCE': '3,9'}, 'Détails': {'FOURCHETTE DE PRIX': '72,00\xa0€-93,00\xa0€', 'CUISINES': 'Européenne', 'RÉGIMES SPÉCIAUX': 'Convient aux végétariens', 'ÉTOILES MICHELIN': 0}, 'Emplacement et coordonnées': {'ADRESSE': '129 Rue Servient 32nd Floor, 69003 Lyon France', 'EMAIL': 'celest@radissonblu.com', 'TELEPHONE': '+33 4 78 63 55 46'}}
Petit Ogre;https://www.tripadvisor.fr/Restaurant_Review-g187265-d4686506-Reviews-Petit_Ogre-Lyon_Rhone_Auvergne_Rhone_Alpes.html;{'Notes et avis': {'NOTE GLOBALE': '4,5', 'CUISINE': '4,6', 'SERVICE': '4,4', 'RAPPORT QUALITÉ-PRIX': '4,4', 'AMBIANCE': '4,2'}, 'Détails': {'FOURCHETTE DE PRIX': '32,00\xa0€-96,00\xa0€', 'CUISINES': 'Française, Brasserie gastronomique', 'RÉGIMES SPÉCIAUX': 'Convient aux végétariens', 'ÉTOILES MICHELIN': 0}, 'Emplacement et coordonnées': {'ADRESSE': '15 Rue de La Banniere, 69003 Lyon France', 'EMAIL': 'contact@petitogre.fr', 'TELEPHONE': '+33 6 42 66 92 63'}}
Les Fines Gueules;https://www.tripadvisor.fr/Restaurant_Review-g187265-d2065540-Reviews-Les_Fines_Gueules-Lyon_Rhone_Auvergne_Rhone_Alpes.html;{'Notes et avis': {'NOTE GLOBALE': '4,5', 'CUISINE': '4,3', 'SERVICE': '4,3', 'RAPPORT QUALITÉ-PRIX': '4,1', 'AMBIANCE': '4,0'}, 'Détails': {'FOURCHETTE DE PRIX': '22,00\xa0€-60,00\xa0€', 'CUISINES': 'Française', 'RÉGIMES SPÉCIAUX': 'Options sans gluten', 'ÉTOILES MICHELIN': 0}, 'Emplacement et coordonnées': {'ADRESSE': '16 Rue Lainerie, 69005 Lyon France', 'EMAIL': 'contact@fines-gueules.fr', 'TELEPHONE': '+33 4 78 28 99 14'}}
Chez Paul;https://www.tripadvisor.fr/Restaurant_Review-g187265-d1867024-Reviews-Chez_Paul-Lyon_Rhone_Auvergne_Rhone_Alpes.html;"{'Notes et avis': {'NOTE GLOBALE': '4,5', 'CUISINE': '4,3', 'SERVICE': '4,3', 'RAPPORT QUALITÉ-PRIX': '4,2', 'AMBIANCE': '4,3'}, 'Détails': {'CUISINES': 'Française, Européenne', 'REPAS': 'Déjeuner, Dîner, Ouvert tard', 'FONCTIONNALITÉS': ""Réservations, Places assises, Sert de l'alcool, Cartes bancaires acceptées, Service de table"", 'ÉTOILES MICHELIN': 0}, 'Emplacement et coordonnées': {'ADRESSE': '11 Rue Major Martin, 69001 Lyon France', 'EMAIL': 'contact@bouchonchezpaul.fr', 'TELEPHONE': '+33 4 78 28 35 83'}}"
Le Bouchon des Filles;https://www.tripadvisor.fr/Restaurant_Review-g187265-d1643202-Reviews-Le_Bouchon_Des_Filles-Lyon_Rhone_Auvergne_Rhone_Alpes.html;"{'Notes et avis': {'NOTE GLOBALE': '4,0', 'CUISINE': '4,2', 'SERVICE': '4,2', 'RAPPORT QUALITÉ-PRIX': '4,2', 'AMBIANCE': '4,2'}, 'Détails': {'CUISINES': 'Française, Européenne', 'REPAS': 'Déjeuner, Dîner, Ouvert tard', 'FONCTIONNALITÉS': ""Réservations, Places assises, Sert de l'alcool, Cartes bancaires acceptées, Service de table"", 'ÉTOILES MICHELIN': 0}, 'Emplacement et coordonnées': {'ADRESSE': '20 Rue Sergent-Blandan Parking Sathonay, 69001 Lyon France', 'EMAIL': 'lebouchondesfilles@gmail.com', 'TELEPHONE': '+33 4 78 30 40 44'}}"
La Scala Siciliana;https://www.tripadvisor.fr/Restaurant_Review-g187265-d2545076-Reviews-La_Scala_Siciliana-Lyon_Rhone_Auvergne_Rhone_Alpes.html;{'Notes et avis': {'NOTE GLOBALE': '4,5', 'CUISINE': '4,6', 'SERVICE': '4,6', 'RAPPORT QUALITÉ-PRIX': '4,2', 'AMBIANCE': '4,4'}, 'Détails': {'CUISINES': 'Italienne, Pizza, Européenne, Sicilienne, Italie du Sud', 'RÉGIMES SPÉCIAUX': 'Convient aux végétariens, Options végétaliennes', 'REPAS': 'Déjeuner, Dîner, Ouvert tard', 'ÉTOILES MICHELIN': 0}, 'Emplacement et coordonnées': {'ADRESSE': '3 Rue Commandant Dubois, 69003 Lyon France', 'EMAIL': 'N/A', 'TELEPHONE': '+33 4 26 00 09 35'}}
Rose de Damas;https://www.tripadvisor.fr/Restaurant_Review-g187265-d14895883-Reviews-Rose_de_Damas-Lyon_Rhone_Auvergne_Rhone_Alpes.html;{'Notes et avis': {'NOTE GLOBALE': '5,0', 'CUISINE': 'N/A', 'SERVICE': 'N/A', 'RAPPORT QUALITÉ-PRIX': 'N/A', 'AMBIANCE': 'N/A'}, 'Détails': {'CUISINES': 'Libanaise, Méditerranéenne, Moyen-Orient', 'RÉGIMES SPÉCIAUX': 'Convient aux végétariens, Options sans gluten', 'REPAS': 'Déjeuner, Dîner', 'ÉTOILES MICHELIN': 0}, 'Emplacement et coordonnées': {'ADRESSE': '24 rue de la Viabert, 69006 Lyon France', 'EMAIL': 'rosededamas69@gmail.com', 'TELEPHONE': '+33 9 81 03 15 54'}}
La Mère Cottivet;https://www.tripadvisor.fr/Restaurant_Review-g187265-d1147134-Reviews-La_Mere_Cottivet-Lyon_Rhone_Auvergne_Rhone_Alpes.html;{'Notes et avis': {'NOTE GLOBALE': '4,0', 'CUISINE': '3,9', 'SERVICE': '4,1', 'RAPPORT QUALITÉ-PRIX': '4,1', 'AMBIANCE': '3,9'}, 'Détails': {'FOURCHETTE DE PRIX': '25,00\xa0€-40,00\xa0€', 'CUISINES': 'Française, Européenne', 'REPAS': 'Déjeuner, Dîner, Boissons', 'ÉTOILES MICHELIN': 0}, 'Emplacement et coordonnées': {'ADRESSE': '58 Rue Mercière, 69002 Lyon France', 'EMAIL': 'info@merecottivet.com', 'TELEPHONE': '+33 4 72 77 52 02'}}
La Voie Himalaya;https://www.tripadvisor.fr/Restaurant_Review-g187265-d8789737-Reviews-La_Voie_Himalaya-Lyon_Rhone_Auvergne_Rhone_Alpes.html;{'Notes et avis': {'NOTE GLOBALE': '4,5', 'CUISINE': '4,4', 'SERVICE': '4,6', 'RAPPORT QUALITÉ-PRIX': '4,4', 'AMBIANCE': '4,6'}, 'Détails': {'FOURCHETTE DE PRIX': '13,00\xa0€-30,00\xa0€', 'CUISINES': 'Indienne, Asiatique, Tibétaine, Népalaise', 'RÉGIMES SPÉCIAUX': 'Convient aux végétariens, Options végétaliennes, Options sans gluten', 'ÉTOILES MICHELIN': 0}, 'Emplacement et coordonnées': {'ADRESSE': '200 Rue Garibaldi, 69003 Lyon France', 'EMAIL': 'N/A', 'TELEPHONE': '+33 4 78 95 09 38'}}
Fiston - Restaurants;https://www.tripadvisor.fr/Restaurant_Review-g187265-d8745622-Reviews-Fiston_Restaurants-Lyon_Rhone_Auvergne_Rhone_Alpes.html;{'Notes et avis': {'NOTE GLOBALE': '4,5', 'CUISINE': '4,3', 'SERVICE': '4,4', 'RAPPORT QUALITÉ-PRIX': '4,1', 'AMBIANCE': '3,8'}, 'Détails': {'FOURCHETTE DE PRIX': '10,00\xa0€-30,00\xa0€', 'CUISINES': 'Française, Européenne, Saine', 'RÉGIMES SPÉCIAUX': 'Convient aux végétariens', 'ÉTOILES MICHELIN': 0}, 'Emplacement et coordonnées': {'ADRESSE': '44 Rue Mercière, 69002 Lyon France', 'EMAIL': 'fistonrestaurant@gmail.com', 'TELEPHONE': '+33 4 72 41 74 63'}}
Cercle Rouge;https://www.tripadvisor.fr/Restaurant_Review-g187265-d11904366-Reviews-Cercle_Rouge-Lyon_Rhone_Auvergne_Rhone_Alpes.html;{'Notes et avis': {'NOTE GLOBALE': '4,5', 'CUISINE': '4,7', 'SERVICE': '4,7', 'RAPPORT QUALITÉ-PRIX': '4,5', 'AMBIANCE': '4,5'}, 'Détails': {'FOURCHETTE DE PRIX': '22,00\xa0€-50,00\xa0€', 'CUISINES': 'Française, Internationale, Européenne, Fusion', 'RÉGIMES SPÉCIAUX': 'Convient aux végétariens, Options sans gluten', 'ÉTOILES MICHELIN': 0}, 'Emplacement et coordonnées': {'ADRESSE': '36 Rue de l Arbre Sec, 69001 Lyon France', 'EMAIL': 'infos@cercle-rouge.fr', 'TELEPHONE': '+33 4 78 28 41 98'}}
Les Infidèles;https://www.tripadvisor.fr/Restaurant_Review-g187265-d21254633-Reviews-Les_Infideles-Lyon_Rhone_Auvergne_Rhone_Alpes.html;"{'Notes et avis': {'NOTE GLOBALE': '4,5', 'CUISINE': '4,5', 'SERVICE': '4,1', 'RAPPORT QUALITÉ-PRIX': '4,5', 'AMBIANCE': '4,1'}, 'Détails': {'CUISINES': 'Française, Saine', 'REPAS': 'Déjeuner, Dîner', 'FONCTIONNALITÉS': ""Réservations, Places assises, Sert de l'alcool, Service de table"", 'ÉTOILES MICHELIN': 0}, 'Emplacement et coordonnées': {'ADRESSE': '57 rue Mercière, 69002 Lyon France', 'EMAIL': 'N/A', 'TELEPHONE': '+33 9 81 94 07 00'}}"
Restaurant Rustique;https://www.tripadvisor.fr/Restaurant_Review-g187265-d19384388-Reviews-Restaurant_Rustique-Lyon_Rhone_Auvergne_Rhone_Alpes.html;"{'Notes et avis': {'NOTE GLOBALE': '5,0', 'CUISINE': '4,9', 'SERVICE': '5,0', 'RAPPORT QUALITÉ-PRIX': '4,9', 'AMBIANCE': '4,8'}, 'Détails': {'CUISINES': 'Européenne, Française, Saine', 'REPAS': 'Dîner', 'FONCTIONNALITÉS': ""Sert de l'alcool, Réservations, Accessible en fauteuil roulant, Cartes bancaires acceptées, Places assises, Chèques-cadeaux disponibles, American\xa0Express, Visa, Mastercard, Service de table"", 'ÉTOILES MICHELIN': 1}, 'Emplacement et coordonnées': {'ADRESSE': '14 rue d Enghien, 69002 Lyon France', 'EMAIL': 'contact@rustiquelyon.fr', 'TELEPHONE': '+33 4 72 13 80 81'}}"
Antolio;https://www.tripadvisor.fr/Restaurant_Review-g187265-d19402701-Reviews-Antolio-Lyon_Rhone_Auvergne_Rhone_Alpes.html;{'Notes et avis': {'NOTE GLOBALE': '5,0', 'CUISINE': '4,9', 'SERVICE': '4,8', 'RAPPORT QUALITÉ-PRIX': '4,6', 'AMBIANCE': '3,9'}, 'Détails': {'FOURCHETTE DE PRIX': '15,00\xa0€-35,00\xa0€', 'CUISINES': 'Italienne, Saine', 'RÉGIMES SPÉCIAUX': 'Convient aux végétariens', 'ÉTOILES MICHELIN': 0}, 'Emplacement et coordonnées': {'ADRESSE': '13 quai de la Pecherie, 69001 Lyon France', 'EMAIL': 'N/A', 'TELEPHONE': '+33 9 87 57 44 21'}}
Bouchon Palais Grillet;https://www.tripadvisor.fr/Restaurant_Review-g187265-d17378051-Reviews-Bouchon_Palais_Grillet-Lyon_Rhone_Auvergne_Rhone_Alpes.html;{'Notes et avis': {'NOTE GLOBALE': '4,5', 'CUISINE': '4,2', 'SERVICE': '4,4', 'RAPPORT QUALITÉ-PRIX': '4,1', 'AMBIANCE': '4,2'}, 'Détails': {'FOURCHETTE DE PRIX': '12,00\xa0€-40,00\xa0€', 'CUISINES': 'Française, Européenne, Moderne, Saine', 'REPAS': 'Déjeuner, Dîner, Brunch', 'ÉTOILES MICHELIN': 0}, 'Emplacement et coordonnées': {'ADRESSE': '8 Rue Palais Grillet Angle Rue Grenette / Metro Cordeliers, 69002 Lyon France', 'EMAIL': 'contact@bouchonpalaisgrillet.com', 'TELEPHONE': '+33 4 72 04 04 00'}}
Bikube Lyon - Restaurant;https://www.tripadvisor.fr/Restaurant_Review-g187265-d28100759-Reviews-Bikube_Lyon_Restaurant-Lyon_Rhone_Auvergne_Rhone_Alpes.html;{'Notes et avis': {'NOTE GLOBALE': '5,0', 'CUISINE': 'N/A', 'SERVICE': 'N/A', 'RAPPORT QUALITÉ-PRIX': 'N/A', 'AMBIANCE': 'N/A'}, 'Détails': {'FOURCHETTE DE PRIX': '6,00\xa0€-18,00\xa0€', 'CUISINES': 'Méditerranéenne', 'REPAS': 'Petit déjeuner, Déjeuner, Dîner, Brunch', 'ÉTOILES MICHELIN': 0}, 'Emplacement et coordonnées': {'ADRESSE': '9 Rue Saint-théodore, 69003 Lyon France', 'EMAIL': 'restolyon@bikube.co', 'TELEPHONE': '+33 4 51 42 04 54'}}
Le Pique Assiette;https://www.tripadvisor.fr/Restaurant_Review-g187265-d3250336-Reviews-Le_Pique_Assiette-Lyon_Rhone_Auvergne_Rhone_Alpes.html;{'Notes et avis': {'NOTE GLOBALE': '4,0', 'CUISINE': '3,9', 'SERVICE': '4,1', 'RAPPORT QUALITÉ-PRIX': '3,8', 'AMBIANCE': '3,9'}, 'Détails': {'FOURCHETTE DE PRIX': '15,00\xa0€-35,00\xa0€', 'CUISINES': 'Française, Européenne', 'REPAS': 'Déjeuner, Dîner, Ouvert tard, Boissons', 'ÉTOILES MICHELIN': 0}, 'Emplacement et coordonnées': {'ADRESSE': '4 Rue de la Baleine, 69005 Lyon France', 'EMAIL': 'restaurantpiqueassiette@gmail.com', 'TELEPHONE': '+33 4 78 37 38 78'}}
Delicatessen;https://www.tripadvisor.fr/Restaurant_Review-g187265-d12663220-Reviews-Delicatessen-Lyon_Rhone_Auvergne_Rhone_Alpes.html;{'Notes et avis': {'NOTE GLOBALE': '4,5', 'CUISINE': '4,5', 'SERVICE': '4,4', 'RAPPORT QUALITÉ-PRIX': '4,1', 'AMBIANCE': '4,5'}, 'Détails': {'FOURCHETTE DE PRIX': '9,00\xa0€-35,00\xa0€', 'CUISINES': 'Américaine, Barbecue/Grillades', 'REPAS': 'Déjeuner, Dîner, Ouvert tard, Boissons', 'ÉTOILES MICHELIN': 0}, 'Emplacement et coordonnées': {'ADRESSE': '6 Rue de Savy, 69001 Lyon France', 'EMAIL': 'contact@pigmalyon.com', 'TELEPHONE': '+33 4 78 39 57 04'}}
Les Encavés;https://www.tripadvisor.fr/Restaurant_Review-g187265-d24048789-Reviews-Les_Encaves-Lyon_Rhone_Auvergne_Rhone_Alpes.html;{'Notes et avis': {'NOTE GLOBALE': '5,0', 'CUISINE': '4,7', 'SERVICE': '4,9', 'RAPPORT QUALITÉ-PRIX': '4,5', 'AMBIANCE': '4,3'}, 'Détails': {'FOURCHETTE DE PRIX': '30,00\xa0€-50,00\xa0€', 'CUISINES': 'Française, Saine', 'REPAS': 'Déjeuner, Dîner', 'ÉTOILES MICHELIN': 0}, 'Emplacement et coordonnées': {'ADRESSE': '12 Rue Juiverie, 69005 Lyon France', 'EMAIL': 'contact@les-encaves.com', 'TELEPHONE': '+33 4 72 07 27 79'}}
Bulle Restaurant;https://www.tripadvisor.fr/Restaurant_Review-g187265-d24034671-Reviews-Bulle_Restaurant-Lyon_Rhone_Auvergne_Rhone_Alpes.html;"{'Notes et avis': {'NOTE GLOBALE': '4,0', 'CUISINE': '4,0', 'SERVICE': '3,7', 'RAPPORT QUALITÉ-PRIX': '3,6', 'AMBIANCE': '3,8'}, 'Détails': {'CUISINES': 'Française', 'REPAS': 'Déjeuner, Dîner, Boissons', 'FONCTIONNALITÉS': ""Réservations, Terrasse, Places assises, Parking, Stationnement pour clientèle, Parking privé gratuit, Accessible en fauteuil roulant, Sert de l'alcool, Bar complet, Bières & Vins, Cartes bancaires acceptées, Service de table, Style familial"", 'ÉTOILES MICHELIN': 0}, 'Emplacement et coordonnées': {'ADRESSE': '9 Place de Fourviere, 69005 Lyon France', 'EMAIL': 'contact@bullerestaurantfourviere.fr', 'TELEPHONE': '+33 4 85 92 00 13'}}"
Aromatic Restaurant;https://www.tripadvisor.fr/Restaurant_Review-g187265-d12337867-Reviews-Aromatic_Restaurant-Lyon_Rhone_Auvergne_Rhone_Alpes.html;"{'Notes et avis': {'NOTE GLOBALE': '5,0', 'CUISINE': '4,8', 'SERVICE': '4,8', 'RAPPORT QUALITÉ-PRIX': '4,7', 'AMBIANCE': '4,7'}, 'Détails': {'FOURCHETTE DE PRIX': '18,00\xa0€-41,00\xa0€', 'CUISINES': 'Française, Européenne', 'RÉGIMES SPÉCIAUX': 'Convient aux végétariens', 'ÉTOILES MICHELIN': 0}, 'Emplacement et coordonnées': {'ADRESSE': ""15 Rue du Chariot d'Or, 69004 Lyon France"", 'EMAIL': 'N/A', 'TELEPHONE': '+33 4 78 23 73 61'}}"
La Gargotte;https://www.tripadvisor.fr/Restaurant_Review-g187265-d1331945-Reviews-La_Gargotte-Lyon_Rhone_Auvergne_Rhone_Alpes.html;{'Notes et avis': {'NOTE GLOBALE': '4,5', 'CUISINE': '4,6', 'SERVICE': '4,5', 'RAPPORT QUALITÉ-PRIX': '4,5', 'AMBIANCE': '4,4'}, 'Détails': {'FOURCHETTE DE PRIX': '24,00\xa0€-29,00\xa0€', 'CUISINES': 'Française, Européenne, Saine', 'RÉGIMES SPÉCIAUX': 'Convient aux végétariens', 'ÉTOILES MICHELIN': 0}, 'Emplacement et coordonnées': {'ADRESSE': '15 Rue Royale, 69001 Lyon France', 'EMAIL': 'N/A', 'TELEPHONE': '+33 4 78 28 79 20'}}
Le Coquemar;https://www.tripadvisor.fr/Restaurant_Review-g187265-d794161-Reviews-Le_Coquemar-Lyon_Rhone_Auvergne_Rhone_Alpes.html;{'Notes et avis': {'NOTE GLOBALE': '4,0', 'CUISINE': '4,4', 'SERVICE': '4,4', 'RAPPORT QUALITÉ-PRIX': '4,3', 'AMBIANCE': '3,9'}, 'Détails': {'FOURCHETTE DE PRIX': '20,00\xa0€-40,00\xa0€', 'CUISINES': 'Française', 'REPAS': 'Déjeuner', 'ÉTOILES MICHELIN': 0}, 'Emplacement et coordonnées': {'ADRESSE': '25, montée Cardinal Decourtray, 69005 Lyon France', 'EMAIL': 'thierry.pandrot@orange.fr', 'TELEPHONE': '+33 4 78 25 83 32'}}
Les Vieux Garçons;https://www.tripadvisor.fr/Restaurant_Review-g187265-d11824522-Reviews-Les_Vieux_Garcons-Lyon_Rhone_Auvergne_Rhone_Alpes.html;{'Notes et avis': {'NOTE GLOBALE': '4,5', 'CUISINE': '4,3', 'SERVICE': '4,6', 'RAPPORT QUALITÉ-PRIX': '4,4', 'AMBIANCE': '3,6'}, 'Détails': {'FOURCHETTE DE PRIX': '8,00\xa0€-16,00\xa0€', 'CUISINES': 'Française, Bar à bières, Bar, Européenne', 'RÉGIMES SPÉCIAUX': 'Convient aux végétariens, Options végétaliennes', 'ÉTOILES MICHELIN': 0}, 'Emplacement et coordonnées': {'ADRESSE': '70 Cours Suchet, 69002 Lyon France', 'EMAIL': 'contact@lesvieuxgarcons.net', 'TELEPHONE': '+33 4 78 60 87 86'}}
Notre Maison;https://www.tripadvisor.fr/Restaurant_Review-g187265-d800321-Reviews-Notre_Maison-Lyon_Rhone_Auvergne_Rhone_Alpes.html;{'Notes et avis': {'NOTE GLOBALE': '4,5', 'CUISINE': '4,4', 'SERVICE': '4,5', 'RAPPORT QUALITÉ-PRIX': '4,2', 'AMBIANCE': '4,5'}, 'Détails': {'FOURCHETTE DE PRIX': '33,00\xa0€-50,00\xa0€', 'CUISINES': 'Française, Européenne', 'REPAS': 'Déjeuner, Dîner', 'ÉTOILES MICHELIN': 0}, 'Emplacement et coordonnées': {'ADRESSE': '2 Rue de Gadagne, 69005 Lyon France', 'EMAIL': 'bouchonnotremaison@gmail.com', 'TELEPHONE': '+33 4 72 41 78 48'}}
Kenbo;https://www.tripadvisor.fr/Restaurant_Review-g187265-d9597301-Reviews-Kenbo-Lyon_Rhone_Auvergne_Rhone_Alpes.html;"{'Notes et avis': {'NOTE GLOBALE': '4,5', 'CUISINE': [<div class=""YwaWb u f""><div class=""_W I""><svg class=""d Vb UmNoP"" height=""14px"" viewbox=""0 0 24 24"" width=""14px""><path clip-rule=""evenodd"" d=""M13.578 4.891 16.25 2.22l1.06 1.06-2.671 2.672c-.679.679-1.055 1.462-1.12 2.199-.043.5.054 1.003.327 1.472L18.75 4.72l1.06 1.06-4.906 4.906c.473.281.974.387 1.466.354.718-.047 1.467-.394 2.096-1.023A904 904 0 0 0 21.02 7.45l.226-.228h.001l1.066 1.055-.227.23a957 957 0 0 1-2.56 2.57c-.849.849-1.927 1.384-3.057 1.459a4.03 4.03 0 0 1-2.647-.768L12.591 13l7.72 7.72-1.061 1.06-5.97-5.97-3 3-1.75-1.75-4.72 4.72-1.06-1.06L7.47 16l-4.392-4.391a4.75 4.75 0 0 1 0-6.718l.702-.702 7.75 7.75 1.233-1.232a3.97 3.97 0 0 1-.737-2.686c.1-1.147.669-2.246 1.552-3.13M12.22 14.75 3.808 6.338a3.25 3.25 0 0 0 .33 4.21l6.142 6.141z"" fill-rule=""evenodd""></path></svg></div><span class=""biGQs _P pZUbB biKBZ hmDzD"">Cuisine</span><div class=""JSTna""><svg aria-labelledby="":lithium-R1lkkbrbnknjlq:"" class=""UctUV d H0"" height=""12"" viewbox=""0 0 128 24"" width=""68""><title id="":lithium-R1lkkbrbnknjlq:"">4,7 sur 5 bulles</title><path d=""M 12 0C5.388 0 0 5.388 0 12s5.388 12 12 12 12-5.38 12-12c0-6.612-5.38-12-12-12z"" transform=""""></path><path d=""M 12 0C5.388 0 0 5.388 0 12s5.388 12 12 12 12-5.38 12-12c0-6.612-5.38-12-12-12z"" transform=""translate(26 0)""></path><path d=""M 12 0C5.388 0 0 5.388 0 12s5.388 12 12 12 12-5.38 12-12c0-6.612-5.38-12-12-12z"" transform=""translate(52 0)""></path><path d=""M 12 0C5.388 0 0 5.388 0 12s5.388 12 12 12 12-5.38 12-12c0-6.612-5.38-12-12-12z"" transform=""translate(78 0)""></path><path d=""M 12 0C5.389 0 0 5.389 0 12c0 6.62 5.389 12 12 12 6.62 0 12-5.379 12-12S18.621 0 12 0zm0 2a9.984 9.984 0 0110 10 9.976 9.976 0 01-10 10z"" transform=""translate(104 0)""></path></svg></div></div>, <div class=""YwaWb u f""><div class=""_W I""><svg class=""d Vb UmNoP"" height=""14px"" viewbox=""0 0 24 24"" width=""14px""><path clip-rule=""evenodd"" d=""M11.997 4.25a.75.75 0 0 1 .75.75v1.281c4.481.378 8.004 4.139 8.004 8.717v.75H3.255v-.75a8.75 8.75 0 0 1 7.992-8.716V5a.75.75 0 0 1 .75-.75m-7.204 9.998h14.42a7.248 7.248 0 0 0-14.42 0M21 19.748H3v-1.5h18z"" fill-rule=""evenodd""></path></svg></div><span class=""biGQs _P pZUbB biKBZ hmDzD"">Service</span><div class=""JSTna""><svg aria-labelledby="":lithium-R1nkkbrbnknjlq:"" class=""UctUV d H0"" height=""12"" viewbox=""0 0 128 24"" width=""68""><title id="":lithium-R1nkkbrbnknjlq:"">4,6 sur 5 bulles</title><path d=""M 12 0C5.388 0 0 5.388 0 12s5.388 12 12 12 12-5.38 12-12c0-6.612-5.38-12-12-12z"" transform=""""></path><path d=""M 12 0C5.388 0 0 5.388 0 12s5.388 12 12 12 12-5.38 12-12c0-6.612-5.38-12-12-12z"" transform=""translate(26 0)""></path><path d=""M 12 0C5.388 0 0 5.388 0 12s5.388 12 12 12 12-5.38 12-12c0-6.612-5.38-12-12-12z"" transform=""translate(52 0)""></path><path d=""M 12 0C5.388 0 0 5.388 0 12s5.388 12 12 12 12-5.38 12-12c0-6.612-5.38-12-12-12z"" transform=""translate(78 0)""></path><path d=""M 12 0C5.389 0 0 5.389 0 12c0 6.62 5.389 12 12 12 6.62 0 12-5.379 12-12S18.621 0 12 0zm0 2a9.984 9.984 0 0110 10 9.976 9.976 0 01-10 10z"" transform=""translate(104 0)""></path></svg></div></div>, <div class=""YwaWb u f""><div class=""_W I""><svg class=""d Vb UmNoP"" height=""14px"" viewbox=""0 0 24 24"" width=""14px""><path clip-rule=""evenodd"" d=""m18.873 7.76-1.16-4.05a.5.5 0 0 0-.619-.344L2.226 7.623A.5.5 0 0 0 2 7.761zm-6.44-1.5h4.45l-.337-1.177z"" fill-rule=""evenodd""></path><path clip-rule=""evenodd"" d=""M3.5 8.39v10.763h17V8.39zm-1-1.5a.5.5 0 0 0-.5.5v12.763a.5.5 0 0 0 .5.5h19a.5.5 0 0 0 .5-.5V7.39a.5.5 0 0 0-.5-.5z"" fill-rule=""evenodd""></path><path d=""M18.873 13.29a1.15 1.15 0 1 1-2.3 0 1.15 1.15 0 0 1 2.3 0""></path></svg></div><span class=""biGQs _P pZUbB biKBZ hmDzD"">Rapport qualité-prix</span><div class=""JSTna""><svg aria-labelledby="":lithium-R1pkkbrbnknjlq:"" class=""UctUV d H0"" height=""12"" viewbox=""0 0 128 24"" width=""68""><title id="":lithium-R1pkkbrbnknjlq:"">4,5 sur 5 bulles</title><path d=""M 12 0C5.388 0 0 5.388 0 12s5.388 12 12 12 12-5.38 12-12c0-6.612-5.38-12-12-12z"" transform=""""></path><path d=""M 12 0C5.388 0 0 5.388 0 12s5.388 12 12 12 12-5.38 12-12c0-6.612-5.38-12-12-12z"" transform=""translate(26 0)""></path><path d=""M 12 0C5.388 0 0 5.388 0 12s5.388 12 12 12 12-5.38 12-12c0-6.612-5.38-12-12-12z"" transform=""translate(52 0)""></path><path d=""M 12 0C5.388 0 0 5.388 0 12s5.388 12 12 12 12-5.38 12-12c0-6.612-5.38-12-12-12z"" transform=""translate(78 0)""></path><path d=""M 12 0C5.389 0 0 5.389 0 12c0 6.62 5.389 12 12 12 6.62 0 12-5.379 12-12S18.621 0 12 0zm0 2a9.984 9.984 0 0110 10 9.976 9.976 0 01-10 10z"" transform=""translate(104 0)""></path></svg></div></div>], 'SERVICE': [<div class=""YwaWb u f""><div class=""_W I""><svg class=""d Vb UmNoP"" height=""14px"" viewbox=""0 0 24 24"" width=""14px""><path clip-rule=""evenodd"" d=""M13.578 4.891 16.25 2.22l1.06 1.06-2.671 2.672c-.679.679-1.055 1.462-1.12 2.199-.043.5.054 1.003.327 1.472L18.75 4.72l1.06 1.06-4.906 4.906c.473.281.974.387 1.466.354.718-.047 1.467-.394 2.096-1.023A904 904 0 0 0 21.02 7.45l.226-.228h.001l1.066 1.055-.227.23a957 957 0 0 1-2.56 2.57c-.849.849-1.927 1.384-3.057 1.459a4.03 4.03 0 0 1-2.647-.768L12.591 13l7.72 7.72-1.061 1.06-5.97-5.97-3 3-1.75-1.75-4.72 4.72-1.06-1.06L7.47 16l-4.392-4.391a4.75 4.75 0 0 1 0-6.718l.702-.702 7.75 7.75 1.233-1.232a3.97 3.97 0 0 1-.737-2.686c.1-1.147.669-2.246 1.552-3.13M12.22 14.75 3.808 6.338a3.25 3.25 0 0 0 .33 4.21l6.142 6.141z"" fill-rule=""evenodd""></path></svg></div><span class=""biGQs _P pZUbB biKBZ hmDzD"">Cuisine</span><div class=""JSTna""><svg aria-labelledby="":lithium-R1lkkbrbnknjlq:"" class=""UctUV d H0"" height=""12"" viewbox=""0 0 128 24"" width=""68""><title id="":lithium-R1lkkbrbnknjlq:"">4,7 sur 5 bulles</title><path d=""M 12 0C5.388 0 0 5.388 0 12s5.388 12 12 12 12-5.38 12-12c0-6.612-5.38-12-12-12z"" transform=""""></path><path d=""M 12 0C5.388 0 0 5.388 0 12s5.388 12 12 12 12-5.38 12-12c0-6.612-5.38-12-12-12z"" transform=""translate(26 0)""></path><path d=""M 12 0C5.388 0 0 5.388 0 12s5.388 12 12 12 12-5.38 12-12c0-6.612-5.38-12-12-12z"" transform=""translate(52 0)""></path><path d=""M 12 0C5.388 0 0 5.388 0 12s5.388 12 12 12 12-5.38 12-12c0-6.612-5.38-12-12-12z"" transform=""translate(78 0)""></path><path d=""M 12 0C5.389 0 0 5.389 0 12c0 6.62 5.389 12 12 12 6.62 0 12-5.379 12-12S18.621 0 12 0zm0 2a9.984 9.984 0 0110 10 9.976 9.976 0 01-10 10z"" transform=""translate(104 0)""></path></svg></div></div>, <div class=""YwaWb u f""><div class=""_W I""><svg class=""d Vb UmNoP"" height=""14px"" viewbox=""0 0 24 24"" width=""14px""><path clip-rule=""evenodd"" d=""M11.997 4.25a.75.75 0 0 1 .75.75v1.281c4.481.378 8.004 4.139 8.004 8.717v.75H3.255v-.75a8.75 8.75 0 0 1 7.992-8.716V5a.75.75 0 0 1 .75-.75m-7.204 9.998h14.42a7.248 7.248 0 0 0-14.42 0M21 19.748H3v-1.5h18z"" fill-rule=""evenodd""></path></svg></div><span class=""biGQs _P pZUbB biKBZ hmDzD"">Service</span><div class=""JSTna""><svg aria-labelledby="":lithium-R1nkkbrbnknjlq:"" class=""UctUV d H0"" height=""12"" viewbox=""0 0 128 24"" width=""68""><title id="":lithium-R1nkkbrbnknjlq:"">4,6 sur 5 bulles</title><path d=""M 12 0C5.388 0 0 5.388 0 12s5.388 12 12 12 12-5.38 12-12c0-6.612-5.38-12-12-12z"" transform=""""></path><path d=""M 12 0C5.388 0 0 5.388 0 12s5.388 12 12 12 12-5.38 12-12c0-6.612-5.38-12-12-12z"" transform=""translate(26 0)""></path><path d=""M 12 0C5.388 0 0 5.388 0 12s5.388 12 12 12 12-5.38 12-12c0-6.612-5.38-12-12-12z"" transform=""translate(52 0)""></path><path d=""M 12 0C5.388 0 0 5.388 0 12s5.388 12 12 12 12-5.38 12-12c0-6.612-5.38-12-12-12z"" transform=""translate(78 0)""></path><path d=""M 12 0C5.389 0 0 5.389 0 12c0 6.62 5.389 12 12 12 6.62 0 12-5.379 12-12S18.621 0 12 0zm0 2a9.984 9.984 0 0110 10 9.976 9.976 0 01-10 10z"" transform=""translate(104 0)""></path></svg></div></div>, <div class=""YwaWb u f""><div class=""_W I""><svg class=""d Vb UmNoP"" height=""14px"" viewbox=""0 0 24 24"" width=""14px""><path clip-rule=""evenodd"" d=""m18.873 7.76-1.16-4.05a.5.5 0 0 0-.619-.344L2.226 7.623A.5.5 0 0 0 2 7.761zm-6.44-1.5h4.45l-.337-1.177z"" fill-rule=""evenodd""></path><path clip-rule=""evenodd"" d=""M3.5 8.39v10.763h17V8.39zm-1-1.5a.5.5 0 0 0-.5.5v12.763a.5.5 0 0 0 .5.5h19a.5.5 0 0 0 .5-.5V7.39a.5.5 0 0 0-.5-.5z"" fill-rule=""evenodd""></path><path d=""M18.873 13.29a1.15 1.15 0 1 1-2.3 0 1.15 1.15 0 0 1 2.3 0""></path></svg></div><span class=""biGQs _P pZUbB biKBZ hmDzD"">Rapport qualité-prix</span><div class=""JSTna""><svg aria-labelledby="":lithium-R1pkkbrbnknjlq:"" class=""UctUV d H0"" height=""12"" viewbox=""0 0 128 24"" width=""68""><title id="":lithium-R1pkkbrbnknjlq:"">4,5 sur 5 bulles</title><path d=""M 12 0C5.388 0 0 5.388 0 12s5.388 12 12 12 12-5.38 12-12c0-6.612-5.38-12-12-12z"" transform=""""></path><path d=""M 12 0C5.388 0 0 5.388 0 12s5.388 12 12 12 12-5.38 12-12c0-6.612-5.38-12-12-12z"" transform=""translate(26 0)""></path><path d=""M 12 0C5.388 0 0 5.388 0 12s5.388 12 12 12 12-5.38 12-12c0-6.612-5.38-12-12-12z"" transform=""translate(52 0)""></path><path d=""M 12 0C5.388 0 0 5.388 0 12s5.388 12 12 12 12-5.38 12-12c0-6.612-5.38-12-12-12z"" transform=""translate(78 0)""></path><path d=""M 12 0C5.389 0 0 5.389 0 12c0 6.62 5.389 12 12 12 6.62 0 12-5.379 12-12S18.621 0 12 0zm0 2a9.984 9.984 0 0110 10 9.976 9.976 0 01-10 10z"" transform=""translate(104 0)""></path></svg></div></div>], 'RAPPORT QUALITÉ-PRIX': [<div class=""YwaWb u f""><div class=""_W I""><svg class=""d Vb UmNoP"" height=""14px"" viewbox=""0 0 24 24"" width=""14px""><path clip-rule=""evenodd"" d=""M13.578 4.891 16.25 2.22l1.06 1.06-2.671 2.672c-.679.679-1.055 1.462-1.12 2.199-.043.5.054 1.003.327 1.472L18.75 4.72l1.06 1.06-4.906 4.906c.473.281.974.387 1.466.354.718-.047 1.467-.394 2.096-1.023A904 904 0 0 0 21.02 7.45l.226-.228h.001l1.066 1.055-.227.23a957 957 0 0 1-2.56 2.57c-.849.849-1.927 1.384-3.057 1.459a4.03 4.03 0 0 1-2.647-.768L12.591 13l7.72 7.72-1.061 1.06-5.97-5.97-3 3-1.75-1.75-4.72 4.72-1.06-1.06L7.47 16l-4.392-4.391a4.75 4.75 0 0 1 0-6.718l.702-.702 7.75 7.75 1.233-1.232a3.97 3.97 0 0 1-.737-2.686c.1-1.147.669-2.246 1.552-3.13M12.22 14.75 3.808 6.338a3.25 3.25 0 0 0 .33 4.21l6.142 6.141z"" fill-rule=""evenodd""></path></svg></div><span class=""biGQs _P pZUbB biKBZ hmDzD"">Cuisine</span><div class=""JSTna""><svg aria-labelledby="":lithium-R1lkkbrbnknjlq:"" class=""UctUV d H0"" height=""12"" viewbox=""0 0 128 24"" width=""68""><title id="":lithium-R1lkkbrbnknjlq:"">4,7 sur 5 bulles</title><path d=""M 12 0C5.388 0 0 5.388 0 12s5.388 12 12 12 12-5.38 12-12c0-6.612-5.38-12-12-12z"" transform=""""></path><path d=""M 12 0C5.388 0 0 5.388 0 12s5.388 12 12 12 12-5.38 12-12c0-6.612-5.38-12-12-12z"" transform=""translate(26 0)""></path><path d=""M 12 0C5.388 0 0 5.388 0 12s5.388 12 12 12 12-5.38 12-12c0-6.612-5.38-12-12-12z"" transform=""translate(52 0)""></path><path d=""M 12 0C5.388 0 0 5.388 0 12s5.388 12 12 12 12-5.38 12-12c0-6.612-5.38-12-12-12z"" transform=""translate(78 0)""></path><path d=""M 12 0C5.389 0 0 5.389 0 12c0 6.62 5.389 12 12 12 6.62 0 12-5.379 12-12S18.621 0 12 0zm0 2a9.984 9.984 0 0110 10 9.976 9.976 0 01-10 10z"" transform=""translate(104 0)""></path></svg></div></div>, <div class=""YwaWb u f""><div class=""_W I""><svg class=""d Vb UmNoP"" height=""14px"" viewbox=""0 0 24 24"" width=""14px""><path clip-rule=""evenodd"" d=""M11.997 4.25a.75.75 0 0 1 .75.75v1.281c4.481.378 8.004 4.139 8.004 8.717v.75H3.255v-.75a8.75 8.75 0 0 1 7.992-8.716V5a.75.75 0 0 1 .75-.75m-7.204 9.998h14.42a7.248 7.248 0 0 0-14.42 0M21 19.748H3v-1.5h18z"" fill-rule=""evenodd""></path></svg></div><span class=""biGQs _P pZUbB biKBZ hmDzD"">Service</span><div class=""JSTna""><svg aria-labelledby="":lithium-R1nkkbrbnknjlq:"" class=""UctUV d H0"" height=""12"" viewbox=""0 0 128 24"" width=""68""><title id="":lithium-R1nkkbrbnknjlq:"">4,6 sur 5 bulles</title><path d=""M 12 0C5.388 0 0 5.388 0 12s5.388 12 12 12 12-5.38 12-12c0-6.612-5.38-12-12-12z"" transform=""""></path><path d=""M 12 0C5.388 0 0 5.388 0 12s5.388 12 12 12 12-5.38 12-12c0-6.612-5.38-12-12-12z"" transform=""translate(26 0)""></path><path d=""M 12 0C5.388 0 0 5.388 0 12s5.388 12 12 12 12-5.38 12-12c0-6.612-5.38-12-12-12z"" transform=""translate(52 0)""></path><path d=""M 12 0C5.388 0 0 5.388 0 12s5.388 12 12 12 12-5.38 12-12c0-6.612-5.38-12-12-12z"" transform=""translate(78 0)""></path><path d=""M 12 0C5.389 0 0 5.389 0 12c0 6.62 5.389 12 12 12 6.62 0 12-5.379 12-12S18.621 0 12 0zm0 2a9.984 9.984 0 0110 10 9.976 9.976 0 01-10 10z"" transform=""translate(104 0)""></path></svg></div></div>, <div class=""YwaWb u f""><div class=""_W I""><svg class=""d Vb UmNoP"" height=""14px"" viewbox=""0 0 24 24"" width=""14px""><path clip-rule=""evenodd"" d=""m18.873 7.76-1.16-4.05a.5.5 0 0 0-.619-.344L2.226 7.623A.5.5 0 0 0 2 7.761zm-6.44-1.5h4.45l-.337-1.177z"" fill-rule=""evenodd""></path><path clip-rule=""evenodd"" d=""M3.5 8.39v10.763h17V8.39zm-1-1.5a.5.5 0 0 0-.5.5v12.763a.5.5 0 0 0 .5.5h19a.5.5 0 0 0 .5-.5V7.39a.5.5 0 0 0-.5-.5z"" fill-rule=""evenodd""></path><path d=""M18.873 13.29a1.15 1.15 0 1 1-2.3 0 1.15 1.15 0 0 1 2.3 0""></path></svg></div><span class=""biGQs _P pZUbB biKBZ hmDzD"">Rapport qualité-prix</span><div class=""JSTna""><svg aria-labelledby="":lithium-R1pkkbrbnknjlq:"" class=""UctUV d H0"" height=""12"" viewbox=""0 0 128 24"" width=""68""><title id="":lithium-R1pkkbrbnknjlq:"">4,5 sur 5 bulles</title><path d=""M 12 0C5.388 0 0 5.388 0 12s5.388 12 12 12 12-5.38 12-12c0-6.612-5.38-12-12-12z"" transform=""""></path><path d=""M 12 0C5.388 0 0 5.388 0 12s5.388 12 12 12 12-5.38 12-12c0-6.612-5.38-12-12-12z"" transform=""translate(26 0)""></path><path d=""M 12 0C5.388 0 0 5.388 0 12s5.388 12 12 12 12-5.38 12-12c0-6.612-5.38-12-12-12z"" transform=""translate(52 0)""></path><path d=""M 12 0C5.388 0 0 5.388 0 12s5.388 12 12 12 12-5.38 12-12c0-6.612-5.38-12-12-12z"" transform=""translate(78 0)""></path><path d=""M 12 0C5.389 0 0 5.389 0 12c0 6.62 5.389 12 12 12 6.62 0 12-5.379 12-12S18.621 0 12 0zm0 2a9.984 9.984 0 0110 10 9.976 9.976 0 01-10 10z"" transform=""translate(104 0)""></path></svg></div></div>], 'AMBIANCE': [<div class=""YwaWb u f""><div class=""_W I""><svg class=""d Vb UmNoP"" height=""14px"" viewbox=""0 0 24 24"" width=""14px""><path clip-rule=""evenodd"" d=""M13.578 4.891 16.25 2.22l1.06 1.06-2.671 2.672c-.679.679-1.055 1.462-1.12 2.199-.043.5.054 1.003.327 1.472L18.75 4.72l1.06 1.06-4.906 4.906c.473.281.974.387 1.466.354.718-.047 1.467-.394 2.096-1.023A904 904 0 0 0 21.02 7.45l.226-.228h.001l1.066 1.055-.227.23a957 957 0 0 1-2.56 2.57c-.849.849-1.927 1.384-3.057 1.459a4.03 4.03 0 0 1-2.647-.768L12.591 13l7.72 7.72-1.061 1.06-5.97-5.97-3 3-1.75-1.75-4.72 4.72-1.06-1.06L7.47 16l-4.392-4.391a4.75 4.75 0 0 1 0-6.718l.702-.702 7.75 7.75 1.233-1.232a3.97 3.97 0 0 1-.737-2.686c.1-1.147.669-2.246 1.552-3.13M12.22 14.75 3.808 6.338a3.25 3.25 0 0 0 .33 4.21l6.142 6.141z"" fill-rule=""evenodd""></path></svg></div><span class=""biGQs _P pZUbB biKBZ hmDzD"">Cuisine</span><div class=""JSTna""><svg aria-labelledby="":lithium-R1lkkbrbnknjlq:"" class=""UctUV d H0"" height=""12"" viewbox=""0 0 128 24"" width=""68""><title id="":lithium-R1lkkbrbnknjlq:"">4,7 sur 5 bulles</title><path d=""M 12 0C5.388 0 0 5.388 0 12s5.388 12 12 12 12-5.38 12-12c0-6.612-5.38-12-12-12z"" transform=""""></path><path d=""M 12 0C5.388 0 0 5.388 0 12s5.388 12 12 12 12-5.38 12-12c0-6.612-5.38-12-12-12z"" transform=""translate(26 0)""></path><path d=""M 12 0C5.388 0 0 5.388 0 12s5.388 12 12 12 12-5.38 12-12c0-6.612-5.38-12-12-12z"" transform=""translate(52 0)""></path><path d=""M 12 0C5.388 0 0 5.388 0 12s5.388 12 12 12 12-5.38 12-12c0-6.612-5.38-12-12-12z"" transform=""translate(78 0)""></path><path d=""M 12 0C5.389 0 0 5.389 0 12c0 6.62 5.389 12 12 12 6.62 0 12-5.379 12-12S18.621 0 12 0zm0 2a9.984 9.984 0 0110 10 9.976 9.976 0 01-10 10z"" transform=""translate(104 0)""></path></svg></div></div>, <div class=""YwaWb u f""><div class=""_W I""><svg class=""d Vb UmNoP"" height=""14px"" viewbox=""0 0 24 24"" width=""14px""><path clip-rule=""evenodd"" d=""M11.997 4.25a.75.75 0 0 1 .75.75v1.281c4.481.378 8.004 4.139 8.004 8.717v.75H3.255v-.75a8.75 8.75 0 0 1 7.992-8.716V5a.75.75 0 0 1 .75-.75m-7.204 9.998h14.42a7.248 7.248 0 0 0-14.42 0M21 19.748H3v-1.5h18z"" fill-rule=""evenodd""></path></svg></div><span class=""biGQs _P pZUbB biKBZ hmDzD"">Service</span><div class=""JSTna""><svg aria-labelledby="":lithium-R1nkkbrbnknjlq:"" class=""UctUV d H0"" height=""12"" viewbox=""0 0 128 24"" width=""68""><title id="":lithium-R1nkkbrbnknjlq:"">4,6 sur 5 bulles</title><path d=""M 12 0C5.388 0 0 5.388 0 12s5.388 12 12 12 12-5.38 12-12c0-6.612-5.38-12-12-12z"" transform=""""></path><path d=""M 12 0C5.388 0 0 5.388 0 12s5.388 12 12 12 12-5.38 12-12c0-6.612-5.38-12-12-12z"" transform=""translate(26 0)""></path><path d=""M 12 0C5.388 0 0 5.388 0 12s5.388 12 12 12 12-5.38 12-12c0-6.612-5.38-12-12-12z"" transform=""translate(52 0)""></path><path d=""M 12 0C5.388 0 0 5.388 0 12s5.388 12 12 12 12-5.38 12-12c0-6.612-5.38-12-12-12z"" transform=""translate(78 0)""></path><path d=""M 12 0C5.389 0 0 5.389 0 12c0 6.62 5.389 12 12 12 6.62 0 12-5.379 12-12S18.621 0 12 0zm0 2a9.984 9.984 0 0110 10 9.976 9.976 0 01-10 10z"" transform=""translate(104 0)""></path></svg></div></div>, <div class=""YwaWb u f""><div class=""_W I""><svg class=""d Vb UmNoP"" height=""14px"" viewbox=""0 0 24 24"" width=""14px""><path clip-rule=""evenodd"" d=""m18.873 7.76-1.16-4.05a.5.5 0 0 0-.619-.344L2.226 7.623A.5.5 0 0 0 2 7.761zm-6.44-1.5h4.45l-.337-1.177z"" fill-rule=""evenodd""></path><path clip-rule=""evenodd"" d=""M3.5 8.39v10.763h17V8.39zm-1-1.5a.5.5 0 0 0-.5.5v12.763a.5.5 0 0 0 .5.5h19a.5.5 0 0 0 .5-.5V7.39a.5.5 0 0 0-.5-.5z"" fill-rule=""evenodd""></path><path d=""M18.873 13.29a1.15 1.15 0 1 1-2.3 0 1.15 1.15 0 0 1 2.3 0""></path></svg></div><span class=""biGQs _P pZUbB biKBZ hmDzD"">Rapport qualité-prix</span><div class=""JSTna""><svg aria-labelledby="":lithium-R1pkkbrbnknjlq:"" class=""UctUV d H0"" height=""12"" viewbox=""0 0 128 24"" width=""68""><title id="":lithium-R1pkkbrbnknjlq:"">4,5 sur 5 bulles</title><path d=""M 12 0C5.388 0 0 5.388 0 12s5.388 12 12 12 12-5.38 12-12c0-6.612-5.38-12-12-12z"" transform=""""></path><path d=""M 12 0C5.388 0 0 5.388 0 12s5.388 12 12 12 12-5.38 12-12c0-6.612-5.38-12-12-12z"" transform=""translate(26 0)""></path><path d=""M 12 0C5.388 0 0 5.388 0 12s5.388 12 12 12 12-5.38 12-12c0-6.612-5.38-12-12-12z"" transform=""translate(52 0)""></path><path d=""M 12 0C5.388 0 0 5.388 0 12s5.388 12 12 12 12-5.38 12-12c0-6.612-5.38-12-12-12z"" transform=""translate(78 0)""></path><path d=""M 12 0C5.389 0 0 5.389 0 12c0 6.62 5.389 12 12 12 6.62 0 12-5.379 12-12S18.621 0 12 0zm0 2a9.984 9.984 0 0110 10 9.976 9.976 0 01-10 10z"" transform=""translate(104 0)""></path></svg></div></div>]}, 'Détails': {'FOURCHETTE DE PRIX': '10,00\xa0€-30,00\xa0€', 'CUISINES': 'Asiatique, Thaï, Fusion, Vietnamienne', 'RÉGIMES SPÉCIAUX': 'Convient aux végétariens, Options végétaliennes', 'ÉTOILES MICHELIN': 0}, 'Emplacement et coordonnées': {'ADRESSE': '3 avenue Berthelot, 69007 Lyon France', 'EMAIL': 'N/A', 'TELEPHONE': '+33 4 72 70 97 18'}}"
L'Étage;https://www.tripadvisor.fr/Restaurant_Review-g187265-d2284897-Reviews-L_Etage-Lyon_Rhone_Auvergne_Rhone_Alpes.html;{'Notes et avis': {'NOTE GLOBALE': '4,5', 'CUISINE': '4,6', 'SERVICE': '4,7', 'RAPPORT QUALITÉ-PRIX': '4,4', 'AMBIANCE': '4,4'}, 'Détails': {'FOURCHETTE DE PRIX': '29,00\xa0€-121,00\xa0€', 'CUISINES': 'Française, Européenne', 'REPAS': 'Déjeuner, Dîner', 'ÉTOILES MICHELIN': 0}, 'Emplacement et coordonnées': {'ADRESSE': '4 Place des Terreaux Entrée à gauche du Tabac, sonner et pousser fort, 2ème étage, 69001 Lyon France', 'EMAIL': 'restaurantletage@live.fr', 'TELEPHONE': '+33 4 78 28 19 59'}}
Le Crayon;https://www.tripadvisor.fr/Restaurant_Review-g187265-d5798545-Reviews-Le_Crayon-Lyon_Rhone_Auvergne_Rhone_Alpes.html;"{'Notes et avis': {'NOTE GLOBALE': '4,5', 'CUISINE': 'N/A', 'SERVICE': 'N/A', 'RAPPORT QUALITÉ-PRIX': 'N/A', 'AMBIANCE': 'N/A'}, 'Détails': {'CUISINES': 'Française, Européenne', 'REPAS': 'Déjeuner', 'FONCTIONNALITÉS': ""Réservations, Places assises, Accessible en fauteuil roulant, Sert de l'alcool, Cartes bancaires acceptées, Service de table"", 'ÉTOILES MICHELIN': 0}, 'Emplacement et coordonnées': {'ADRESSE': '79 rue Baraban, 69003 Lyon France', 'EMAIL': 'N/A', 'TELEPHONE': '+33 4 72 34 61 19'}}"
L'arquebuse;https://www.tripadvisor.fr/Restaurant_Review-g187265-d23920215-Reviews-L_arquebuse-Lyon_Rhone_Auvergne_Rhone_Alpes.html;"{'Notes et avis': {'NOTE GLOBALE': '4,5', 'CUISINE': '4,5', 'SERVICE': '4,5', 'RAPPORT QUALITÉ-PRIX': '4,3', 'AMBIANCE': '4,1'}, 'Détails': {'CUISINES': 'Française, Saine', 'REPAS': 'Déjeuner, Dîner', 'FONCTIONNALITÉS': ""Réservations, Places assises, Sert de l'alcool, Cartes bancaires acceptées, Service de table"", 'ÉTOILES MICHELIN': 0}, 'Emplacement et coordonnées': {'ADRESSE': '6 Rue Neuve, 69002 Lyon France', 'EMAIL': 'restaurantlarquebuse@gmail.com', 'TELEPHONE': '+33 4 82 31 41 97'}}"
KUMA cantine;https://www.tripadvisor.fr/Restaurant_Review-g187265-d7171160-Reviews-KUMA_cantine-Lyon_Rhone_Auvergne_Rhone_Alpes.html;{'Notes et avis': {'NOTE GLOBALE': '4,5', 'CUISINE': '4,4', 'SERVICE': '4,4', 'RAPPORT QUALITÉ-PRIX': '4,1', 'AMBIANCE': '4,1'}, 'Détails': {'CUISINES': 'Japonaise, Asiatique', 'RÉGIMES SPÉCIAUX': 'Convient aux végétariens', 'REPAS': 'Déjeuner, Boissons', 'ÉTOILES MICHELIN': 0}, 'Emplacement et coordonnées': {'ADRESSE': '93 Rue Masséna, 69006 Lyon France', 'EMAIL': 'kuma.izakaya@gmail.com', 'TELEPHONE': '+33 4 72 74 13 12'}}
Crêperie La Marie Morgane;https://www.tripadvisor.fr/Restaurant_Review-g187265-d4338972-Reviews-Creperie_La_Marie_Morgane-Lyon_Rhone_Auvergne_Rhone_Alpes.html;{'Notes et avis': {'NOTE GLOBALE': '4,5', 'CUISINE': '4,5', 'SERVICE': '4,5', 'RAPPORT QUALITÉ-PRIX': '4,3', 'AMBIANCE': '3,5'}, 'Détails': {'CUISINES': 'Française', 'RÉGIMES SPÉCIAUX': 'Convient aux végétariens, Options sans gluten', 'REPAS': 'Déjeuner, Dîner', 'ÉTOILES MICHELIN': 0}, 'Emplacement et coordonnées': {'ADRESSE': '23 Rue de la Charité, 69002 Lyon France', 'EMAIL': 'N/A', 'TELEPHONE': '+33 4 78 38 25 22'}}
Two Amigos Ampere;https://www.tripadvisor.fr/Restaurant_Review-g187265-d8733117-Reviews-Two_Amigos_Ampere-Lyon_Rhone_Auvergne_Rhone_Alpes.html;{'Notes et avis': {'NOTE GLOBALE': '4,5', 'CUISINE': '4,5', 'SERVICE': '4,5', 'RAPPORT QUALITÉ-PRIX': '4,3', 'AMBIANCE': '4,4'}, 'Détails': {'CUISINES': 'Mexicaine, Américaine, Latino', 'RÉGIMES SPÉCIAUX': 'Convient aux végétariens, Options végétaliennes, Halal', 'REPAS': 'Déjeuner, Dîner', 'ÉTOILES MICHELIN': 0}, 'Emplacement et coordonnées': {'ADRESSE': '1 Rue Henry IV, 69002 Lyon France', 'EMAIL': 'reservation@twoamigos.fr', 'TELEPHONE': '+33 9 53 11 86 70'}}
Au Petit Bouchon Chez Georges;https://www.tripadvisor.fr/Restaurant_Review-g187265-d1326311-Reviews-Au_Petit_Bouchon_Chez_Georges-Lyon_Rhone_Auvergne_Rhone_Alpes.html;{'Notes et avis': {'NOTE GLOBALE': '4,5', 'CUISINE': '4,6', 'SERVICE': '4,5', 'RAPPORT QUALITÉ-PRIX': '4,4', 'AMBIANCE': '4,6'}, 'Détails': {'FOURCHETTE DE PRIX': '30,00\xa0€-35,00\xa0€', 'CUISINES': 'Française, Européenne', 'REPAS': 'Déjeuner, Dîner', 'ÉTOILES MICHELIN': 0}, 'Emplacement et coordonnées': {'ADRESSE': '8 rue du Garet, 69001 Lyon France', 'EMAIL': 'N/A', 'TELEPHONE': '+33 4 78 28 30 46'}}
Le Merciere;https://www.tripadvisor.fr/Restaurant_Review-g187265-d907784-Reviews-Le_Merciere-Lyon_Rhone_Auvergne_Rhone_Alpes.html;{'Notes et avis': {'NOTE GLOBALE': '4,0', 'CUISINE': '3,9', 'SERVICE': '3,7', 'RAPPORT QUALITÉ-PRIX': '3,6', 'AMBIANCE': '3,7'}, 'Détails': {'FOURCHETTE DE PRIX': '13,00\xa0€-33,00\xa0€', 'CUISINES': 'Française, Européenne', 'REPAS': 'Déjeuner, Dîner, Ouvert tard, Boissons', 'ÉTOILES MICHELIN': 0}, 'Emplacement et coordonnées': {'ADRESSE': '56 Rue Mercière, 69002 Lyon France', 'EMAIL': '56lemerciere@gmail.com', 'TELEPHONE': '+33 6 18 15 58 37'}}
Cafe Comptoir Abel;https://www.tripadvisor.fr/Restaurant_Review-g187265-d966700-Reviews-Cafe_Comptoir_Abel-Lyon_Rhone_Auvergne_Rhone_Alpes.html;{'Notes et avis': {'NOTE GLOBALE': '4,0', 'CUISINE': '4,2', 'SERVICE': '4,2', 'RAPPORT QUALITÉ-PRIX': '3,8', 'AMBIANCE': '4,2'}, 'Détails': {'FOURCHETTE DE PRIX': '21,00\xa0€-143,00\xa0€', 'CUISINES': 'Française, Européenne', 'REPAS': 'Déjeuner, Dîner, Ouvert tard', 'ÉTOILES MICHELIN': 0}, 'Emplacement et coordonnées': {'ADRESSE': '25 rue Guynemer, 69002 Lyon France', 'EMAIL': 'cafecomptoirabel@orange.fr', 'TELEPHONE': '+33 4 78 37 46 18'}}
Le Boeuf D'argent;https://www.tripadvisor.fr/Restaurant_Review-g187265-d4993538-Reviews-Le_Boeuf_D_argent-Lyon_Rhone_Auvergne_Rhone_Alpes.html;{'Notes et avis': {'NOTE GLOBALE': '5,0', 'CUISINE': '4,8', 'SERVICE': '4,6', 'RAPPORT QUALITÉ-PRIX': '4,5', 'AMBIANCE': '4,3'}, 'Détails': {'FOURCHETTE DE PRIX': '35,00\xa0€-121,00\xa0€', 'CUISINES': 'Française, Fusion', 'RÉGIMES SPÉCIAUX': 'Convient aux végétariens', 'ÉTOILES MICHELIN': 0}, 'Emplacement et coordonnées': {'ADRESSE': '29 Rue du Bœuf, 69005 Lyon France', 'EMAIL': 'leboeufdargent@orange.fr', 'TELEPHONE': '+33 4 78 38 11 20'}}
L'Argot;https://www.tripadvisor.fr/Restaurant_Review-g187265-d7612326-Reviews-L_Argot-Lyon_Rhone_Auvergne_Rhone_Alpes.html;{'Notes et avis': {'NOTE GLOBALE': '4,5', 'CUISINE': '4,7', 'SERVICE': '4,6', 'RAPPORT QUALITÉ-PRIX': '4,2', 'AMBIANCE': '4,3'}, 'Détails': {'FOURCHETTE DE PRIX': '15,00\xa0€-30,00\xa0€', 'CUISINES': 'Française, Européenne, Saine', 'REPAS': 'Déjeuner, Dîner', 'ÉTOILES MICHELIN': 0}, 'Emplacement et coordonnées': {'ADRESSE': '132 Rue Bugeaud, 69006 Lyon France', 'EMAIL': 'N/A', 'TELEPHONE': '+33 4 78 24 57 88'}}
Restaurant Lounge N133;https://www.tripadvisor.fr/Restaurant_Review-g187265-d11816506-Reviews-Restaurant_Lounge_N133-Lyon_Rhone_Auvergne_Rhone_Alpes.html;{'Notes et avis': {'NOTE GLOBALE': '5,0', 'CUISINE': '4,7', 'SERVICE': '4,7', 'RAPPORT QUALITÉ-PRIX': '4,5', 'AMBIANCE': '4,4'}, 'Détails': {'CUISINES': 'Française', 'RÉGIMES SPÉCIAUX': 'Convient aux végétariens', 'REPAS': 'Déjeuner, Dîner', 'ÉTOILES MICHELIN': 0}, 'Emplacement et coordonnées': {'ADRESSE': '133 Rue Bugeaud, 69006 Lyon France', 'EMAIL': 'am.cooking133@gmail.com', 'TELEPHONE': '+33 4 72 74 19 08'}}
Le Bistrot Nicephore;https://www.tripadvisor.fr/Restaurant_Review-g187265-d14170954-Reviews-Le_Bistrot_Nicephore-Lyon_Rhone_Auvergne_Rhone_Alpes.html;{'Notes et avis': {'NOTE GLOBALE': '5,0', 'CUISINE': '4,9', 'SERVICE': '4,8', 'RAPPORT QUALITÉ-PRIX': '4,7', 'AMBIANCE': '5,0'}, 'Détails': {'FOURCHETTE DE PRIX': '9,00\xa0€-18,00\xa0€', 'CUISINES': 'Française, Bar à bières, Café, Saine, Brasserie gastronomique', 'RÉGIMES SPÉCIAUX': 'Convient aux végétariens, Options végétaliennes', 'ÉTOILES MICHELIN': 0}, 'Emplacement et coordonnées': {'ADRESSE': '33 rue de Trion, 69005 Lyon France', 'EMAIL': 'le.bistrot.nicephore@gmail.com', 'TELEPHONE': '+33 4 78 36 39 48'}}
La Maison Villemanzy;https://www.tripadvisor.fr/Restaurant_Review-g187265-d800330-Reviews-La_Maison_Villemanzy-Lyon_Rhone_Auvergne_Rhone_Alpes.html;{'Notes et avis': {'NOTE GLOBALE': '4,5', 'CUISINE': '4,2', 'SERVICE': '4,3', 'RAPPORT QUALITÉ-PRIX': '4,2', 'AMBIANCE': '4,1'}, 'Détails': {'FOURCHETTE DE PRIX': '35,00\xa0€-71,00\xa0€', 'CUISINES': 'Française, Européenne', 'RÉGIMES SPÉCIAUX': 'Convient aux végétariens', 'ÉTOILES MICHELIN': 0}, 'Emplacement et coordonnées': {'ADRESSE': '25 montée St Sébastien, 69001 Lyon France', 'EMAIL': 'maisonvillemanzy@yahoo.fr', 'TELEPHONE': '+33 4 72 98 21 21'}}
Brasserie de L'Est;https://www.tripadvisor.fr/Restaurant_Review-g187265-d795353-Reviews-Brasserie_de_L_Est-Lyon_Rhone_Auvergne_Rhone_Alpes.html;{'Notes et avis': {'NOTE GLOBALE': '3,5', 'CUISINE': '3,9', 'SERVICE': '3,6', 'RAPPORT QUALITÉ-PRIX': '3,4', 'AMBIANCE': '3,6'}, 'Détails': {'FOURCHETTE DE PRIX': '22,00\xa0€-33,00\xa0€', 'CUISINES': 'Française, Bar, Européenne, Saine', 'REPAS': 'Déjeuner, Dîner, Ouvert tard, Boissons', 'ÉTOILES MICHELIN': 0}, 'Emplacement et coordonnées': {'ADRESSE': '14 Place Jules Ferry, 69006 Lyon France', 'EMAIL': 'info@nordsudbrasseries.com', 'TELEPHONE': '+33 4 37 24 25 26'}}
Cafe des Federations;https://www.tripadvisor.fr/Restaurant_Review-g187265-d801154-Reviews-Cafe_des_Federations-Lyon_Rhone_Auvergne_Rhone_Alpes.html;{'Notes et avis': {'NOTE GLOBALE': '4,0', 'CUISINE': '4,2', 'SERVICE': '4,1', 'RAPPORT QUALITÉ-PRIX': '4,1', 'AMBIANCE': '4,0'}, 'Détails': {'FOURCHETTE DE PRIX': '19,00\xa0€-24,00\xa0€', 'CUISINES': 'Française, Brasserie gastronomique', 'REPAS': 'Déjeuner, Dîner, Ouvert tard', 'ÉTOILES MICHELIN': 0}, 'Emplacement et coordonnées': {'ADRESSE': '8-9-10 rue Major Martin, 69001 Lyon France', 'EMAIL': 'yr@lesfedeslyon.com', 'TELEPHONE': '+33 4 78 28 26 00'}}
Nosch;https://www.tripadvisor.fr/Restaurant_Review-g187265-d14023209-Reviews-Nosch-Lyon_Rhone_Auvergne_Rhone_Alpes.html;{'Notes et avis': {'NOTE GLOBALE': '4,5', 'CUISINE': '4,7', 'SERVICE': '4,7', 'RAPPORT QUALITÉ-PRIX': '4,5', 'AMBIANCE': '4,1'}, 'Détails': {'FOURCHETTE DE PRIX': '22,00\xa0€-50,00\xa0€', 'CUISINES': 'Française', 'RÉGIMES SPÉCIAUX': 'Convient aux végétariens', 'ÉTOILES MICHELIN': 0}, 'Emplacement et coordonnées': {'ADRESSE': '24 rue Palais Grillet, 69002 Lyon France', 'EMAIL': 'contact@nosch.fr', 'TELEPHONE': '+33 4 78 42 08 31'}}
Brasserie des Confluences;https://www.tripadvisor.fr/Restaurant_Review-g187265-d7698838-Reviews-Brasserie_des_Confluences-Lyon_Rhone_Auvergne_Rhone_Alpes.html;{'Notes et avis': {'NOTE GLOBALE': '4,0', 'CUISINE': '4,1', 'SERVICE': '4,1', 'RAPPORT QUALITÉ-PRIX': '3,7', 'AMBIANCE': '4,0'}, 'Détails': {'FOURCHETTE DE PRIX': '22,00\xa0€-60,00\xa0€', 'CUISINES': 'Française, Européenne, Brasserie gastronomique', 'REPAS': 'Déjeuner, Boissons', 'ÉTOILES MICHELIN': 0}, 'Emplacement et coordonnées': {'ADRESSE': '86 Quai Perrache Floor1, Musee des Confluences, 69002 Lyon France', 'EMAIL': 'info@museedesconfluences-restauration.com', 'TELEPHONE': '+33 4 72 41 12 34'}}
L'Atelier des Augustins;https://www.tripadvisor.fr/Restaurant_Review-g187265-d6496648-Reviews-L_Atelier_des_Augustins-Lyon_Rhone_Auvergne_Rhone_Alpes.html;{'Notes et avis': {'NOTE GLOBALE': '4,5', 'CUISINE': '4,7', 'SERVICE': '4,7', 'RAPPORT QUALITÉ-PRIX': '4,5', 'AMBIANCE': '4,6'}, 'Détails': {'FOURCHETTE DE PRIX': '25,00\xa0€-62,00\xa0€', 'CUISINES': 'Française, Européenne, Moderne, Saine', 'RÉGIMES SPÉCIAUX': 'Convient aux végétariens, Options végétaliennes, Options sans gluten', 'ÉTOILES MICHELIN': 1}, 'Emplacement et coordonnées': {'ADRESSE': '17 Rue Hippolyte Flandrin, 69001 Lyon France', 'EMAIL': 'contact@latelierdesaugustins.com', 'TELEPHONE': '+33 4 72 00 88 01'}}
café du Jura;https://www.tripadvisor.fr/Restaurant_Review-g187265-d1018521-Reviews-Cafe_du_Jura-Lyon_Rhone_Auvergne_Rhone_Alpes.html;{'Notes et avis': {'NOTE GLOBALE': '4,5', 'CUISINE': '4,3', 'SERVICE': '4,3', 'RAPPORT QUALITÉ-PRIX': '3,9', 'AMBIANCE': '3,8'}, 'Détails': {'FOURCHETTE DE PRIX': '31,00\xa0€-39,00\xa0€', 'CUISINES': 'Française', 'REPAS': 'Déjeuner, Dîner', 'ÉTOILES MICHELIN': 0}, 'Emplacement et coordonnées': {'ADRESSE': '25 rue tupin, 69002 Lyon France', 'EMAIL': 'N/A', 'TELEPHONE': '+33 4 78 42 20 57'}}
Bikube Lyon - Restaurant;https://www.tripadvisor.fr/Restaurant_Review-g187265-d28100759-Reviews-Bikube_Lyon_Restaurant-Lyon_Rhone_Auvergne_Rhone_Alpes.html;{'Notes et avis': {'NOTE GLOBALE': '5,0', 'CUISINE': 'N/A', 'SERVICE': 'N/A', 'RAPPORT QUALITÉ-PRIX': 'N/A', 'AMBIANCE': 'N/A'}, 'Détails': {'FOURCHETTE DE PRIX': '6,00\xa0€-18,00\xa0€', 'CUISINES': 'Méditerranéenne', 'REPAS': 'Petit déjeuner, Déjeuner, Dîner, Brunch', 'ÉTOILES MICHELIN': 0}, 'Emplacement et coordonnées': {'ADRESSE': '9 Rue Saint-théodore, 69003 Lyon France', 'EMAIL': 'restolyon@bikube.co', 'TELEPHONE': '+33 4 51 42 04 54'}}
Bateau Hermes;https://www.tripadvisor.fr/Restaurant_Review-g187265-d695176-Reviews-Bateau_Hermes-Lyon_Rhone_Auvergne_Rhone_Alpes.html;{'Notes et avis': {'NOTE GLOBALE': '4,5', 'CUISINE': '4,1', 'SERVICE': '4,5', 'RAPPORT QUALITÉ-PRIX': '3,9', 'AMBIANCE': '3,9'}, 'Détails': {'CUISINES': 'Française, Européenne', 'RÉGIMES SPÉCIAUX': 'Convient aux végétariens', 'REPAS': 'Déjeuner, Dîner', 'ÉTOILES MICHELIN': 0}, 'Emplacement et coordonnées': {'ADRESSE': '16 Quai Claude Bernard, 69007 Lyon France', 'EMAIL': 'contact@lesbateauxlyonnais.com', 'TELEPHONE': '+33 4 78 42 96 81'}}
Le Garet;https://www.tripadvisor.fr/Restaurant_Review-g187265-d719126-Reviews-Le_Garet-Lyon_Rhone_Auvergne_Rhone_Alpes.html;"{'Notes et avis': {'NOTE GLOBALE': '4,5', 'CUISINE': '4,4', 'SERVICE': '4,4', 'RAPPORT QUALITÉ-PRIX': '4,2', 'AMBIANCE': '4,4'}, 'Détails': {'CUISINES': 'Française', 'REPAS': 'Déjeuner, Dîner, Ouvert tard', 'FONCTIONNALITÉS': ""Réservations, Places assises, Accessible en fauteuil roulant, Sert de l'alcool, Cartes bancaires acceptées, Service de table"", 'ÉTOILES MICHELIN': 0}, 'Emplacement et coordonnées': {'ADRESSE': '7 rue du Garet, 69001 Lyon France', 'EMAIL': 'legaret@wanadoo.fr', 'TELEPHONE': '+33 4 78 28 16 94'}}"
L'Ange Di Vin;https://www.tripadvisor.fr/Restaurant_Review-g187265-d3743018-Reviews-L_Ange_Di_Vin-Lyon_Rhone_Auvergne_Rhone_Alpes.html;{'Notes et avis': {'NOTE GLOBALE': '4,5', 'CUISINE': '4,4', 'SERVICE': '4,4', 'RAPPORT QUALITÉ-PRIX': '4,1', 'AMBIANCE': '4,4'}, 'Détails': {'CUISINES': 'Française, Européenne, Bar à vins', 'RÉGIMES SPÉCIAUX': 'Convient aux végétariens', 'REPAS': 'Déjeuner, Dîner, Boissons', 'ÉTOILES MICHELIN': 0}, 'Emplacement et coordonnées': {'ADRESSE': '13 rue de la Monnaie, 69002 Lyon France', 'EMAIL': 'N/A', 'TELEPHONE': '+33 4 72 04 02 52'}}
Restaurant Un Deux Trois;https://www.tripadvisor.fr/Restaurant_Review-g187265-d1326973-Reviews-Restaurant_Un_Deux_Trois-Lyon_Rhone_Auvergne_Rhone_Alpes.html;{'Notes et avis': {'NOTE GLOBALE': '4,5', 'CUISINE': '4,2', 'SERVICE': '4,5', 'RAPPORT QUALITÉ-PRIX': '4,3', 'AMBIANCE': '4,3'}, 'Détails': {'FOURCHETTE DE PRIX': '15,00\xa0€-26,00\xa0€', 'CUISINES': 'Française, Européenne', 'REPAS': 'Déjeuner, Dîner, Ouvert tard', 'ÉTOILES MICHELIN': 0}, 'Emplacement et coordonnées': {'ADRESSE': '1 Place Neuve Saint Jean, 69005 Lyon France', 'EMAIL': 'ventresjaunes123@gmail.com', 'TELEPHONE': '+33 9 79 57 02 65'}}
Alebrije Cuisine Du Mexique;https://www.tripadvisor.fr/Restaurant_Review-g187265-d23195877-Reviews-Alebrije_Cuisine_Du_Mexique-Lyon_Rhone_Auvergne_Rhone_Alpes.html;"{'Notes et avis': {'NOTE GLOBALE': '4,5', 'CUISINE': [<div class=""YwaWb u f""><div class=""_W I""><svg class=""d Vb UmNoP"" height=""14px"" viewbox=""0 0 24 24"" width=""14px""><path clip-rule=""evenodd"" d=""M13.578 4.891 16.25 2.22l1.06 1.06-2.671 2.672c-.679.679-1.055 1.462-1.12 2.199-.043.5.054 1.003.327 1.472L18.75 4.72l1.06 1.06-4.906 4.906c.473.281.974.387 1.466.354.718-.047 1.467-.394 2.096-1.023A904 904 0 0 0 21.02 7.45l.226-.228h.001l1.066 1.055-.227.23a957 957 0 0 1-2.56 2.57c-.849.849-1.927 1.384-3.057 1.459a4.03 4.03 0 0 1-2.647-.768L12.591 13l7.72 7.72-1.061 1.06-5.97-5.97-3 3-1.75-1.75-4.72 4.72-1.06-1.06L7.47 16l-4.392-4.391a4.75 4.75 0 0 1 0-6.718l.702-.702 7.75 7.75 1.233-1.232a3.97 3.97 0 0 1-.737-2.686c.1-1.147.669-2.246 1.552-3.13M12.22 14.75 3.808 6.338a3.25 3.25 0 0 0 .33 4.21l6.142 6.141z"" fill-rule=""evenodd""></path></svg></div><span class=""biGQs _P pZUbB biKBZ hmDzD"">Cuisine</span><div class=""JSTna""><svg aria-labelledby="":lithium-R1lkkbrbnknjlq:"" class=""UctUV d H0"" height=""12"" viewbox=""0 0 128 24"" width=""68""><title id="":lithium-R1lkkbrbnknjlq:"">4,7 sur 5 bulles</title><path d=""M 12 0C5.388 0 0 5.388 0 12s5.388 12 12 12 12-5.38 12-12c0-6.612-5.38-12-12-12z"" transform=""""></path><path d=""M 12 0C5.388 0 0 5.388 0 12s5.388 12 12 12 12-5.38 12-12c0-6.612-5.38-12-12-12z"" transform=""translate(26 0)""></path><path d=""M 12 0C5.388 0 0 5.388 0 12s5.388 12 12 12 12-5.38 12-12c0-6.612-5.38-12-12-12z"" transform=""translate(52 0)""></path><path d=""M 12 0C5.388 0 0 5.388 0 12s5.388 12 12 12 12-5.38 12-12c0-6.612-5.38-12-12-12z"" transform=""translate(78 0)""></path><path d=""M 12 0C5.389 0 0 5.389 0 12c0 6.62 5.389 12 12 12 6.62 0 12-5.379 12-12S18.621 0 12 0zm0 2a9.984 9.984 0 0110 10 9.976 9.976 0 01-10 10z"" transform=""translate(104 0)""></path></svg></div></div>, <div class=""YwaWb u f""><div class=""_W I""><svg class=""d Vb UmNoP"" height=""14px"" viewbox=""0 0 24 24"" width=""14px""><path clip-rule=""evenodd"" d=""M11.997 4.25a.75.75 0 0 1 .75.75v1.281c4.481.378 8.004 4.139 8.004 8.717v.75H3.255v-.75a8.75 8.75 0 0 1 7.992-8.716V5a.75.75 0 0 1 .75-.75m-7.204 9.998h14.42a7.248 7.248 0 0 0-14.42 0M21 19.748H3v-1.5h18z"" fill-rule=""evenodd""></path></svg></div><span class=""biGQs _P pZUbB biKBZ hmDzD"">Service</span><div class=""JSTna""><svg aria-labelledby="":lithium-R1nkkbrbnknjlq:"" class=""UctUV d H0"" height=""12"" viewbox=""0 0 128 24"" width=""68""><title id="":lithium-R1nkkbrbnknjlq:"">4,9 sur 5 bulles</title><path d=""M 12 0C5.388 0 0 5.388 0 12s5.388 12 12 12 12-5.38 12-12c0-6.612-5.38-12-12-12z"" transform=""""></path><path d=""M 12 0C5.388 0 0 5.388 0 12s5.388 12 12 12 12-5.38 12-12c0-6.612-5.38-12-12-12z"" transform=""translate(26 0)""></path><path d=""M 12 0C5.388 0 0 5.388 0 12s5.388 12 12 12 12-5.38 12-12c0-6.612-5.38-12-12-12z"" transform=""translate(52 0)""></path><path d=""M 12 0C5.388 0 0 5.388 0 12s5.388 12 12 12 12-5.38 12-12c0-6.612-5.38-12-12-12z"" transform=""translate(78 0)""></path><path d=""M 12 0C5.388 0 0 5.388 0 12s5.388 12 12 12 12-5.38 12-12c0-6.612-5.38-12-12-12z"" transform=""translate(104 0)""></path></svg></div></div>, <div class=""YwaWb u f""><div class=""_W I""><svg class=""d Vb UmNoP"" height=""14px"" viewbox=""0 0 24 24"" width=""14px""><path clip-rule=""evenodd"" d=""m18.873 7.76-1.16-4.05a.5.5 0 0 0-.619-.344L2.226 7.623A.5.5 0 0 0 2 7.761zm-6.44-1.5h4.45l-.337-1.177z"" fill-rule=""evenodd""></path><path clip-rule=""evenodd"" d=""M3.5 8.39v10.763h17V8.39zm-1-1.5a.5.5 0 0 0-.5.5v12.763a.5.5 0 0 0 .5.5h19a.5.5 0 0 0 .5-.5V7.39a.5.5 0 0 0-.5-.5z"" fill-rule=""evenodd""></path><path d=""M18.873 13.29a1.15 1.15 0 1 1-2.3 0 1.15 1.15 0 0 1 2.3 0""></path></svg></div><span class=""biGQs _P pZUbB biKBZ hmDzD"">Rapport qualité-prix</span><div class=""JSTna""><svg aria-labelledby="":lithium-R1pkkbrbnknjlq:"" class=""UctUV d H0"" height=""12"" viewbox=""0 0 128 24"" width=""68""><title id="":lithium-R1pkkbrbnknjlq:"">4,0 sur 5 bulles</title><path d=""M 12 0C5.388 0 0 5.388 0 12s5.388 12 12 12 12-5.38 12-12c0-6.612-5.38-12-12-12z"" transform=""""></path><path d=""M 12 0C5.388 0 0 5.388 0 12s5.388 12 12 12 12-5.38 12-12c0-6.612-5.38-12-12-12z"" transform=""translate(26 0)""></path><path d=""M 12 0C5.388 0 0 5.388 0 12s5.388 12 12 12 12-5.38 12-12c0-6.612-5.38-12-12-12z"" transform=""translate(52 0)""></path><path d=""M 12 0C5.388 0 0 5.388 0 12s5.388 12 12 12 12-5.38 12-12c0-6.612-5.38-12-12-12z"" transform=""translate(78 0)""></path><path d=""M 12 0C5.388 0 0 5.388 0 12s5.388 12 12 12 12-5.38 12-12c0-6.612-5.38-12-12-12zm0 2a9.983 9.983 0 019.995 10 10 10 0 01-10 10A10 10 0 012 12 10 10 0 0112 2z"" transform=""translate(104 0)""></path></svg></div></div>], 'SERVICE': [<div class=""YwaWb u f""><div class=""_W I""><svg class=""d Vb UmNoP"" height=""14px"" viewbox=""0 0 24 24"" width=""14px""><path clip-rule=""evenodd"" d=""M13.578 4.891 16.25 2.22l1.06 1.06-2.671 2.672c-.679.679-1.055 1.462-1.12 2.199-.043.5.054 1.003.327 1.472L18.75 4.72l1.06 1.06-4.906 4.906c.473.281.974.387 1.466.354.718-.047 1.467-.394 2.096-1.023A904 904 0 0 0 21.02 7.45l.226-.228h.001l1.066 1.055-.227.23a957 957 0 0 1-2.56 2.57c-.849.849-1.927 1.384-3.057 1.459a4.03 4.03 0 0 1-2.647-.768L12.591 13l7.72 7.72-1.061 1.06-5.97-5.97-3 3-1.75-1.75-4.72 4.72-1.06-1.06L7.47 16l-4.392-4.391a4.75 4.75 0 0 1 0-6.718l.702-.702 7.75 7.75 1.233-1.232a3.97 3.97 0 0 1-.737-2.686c.1-1.147.669-2.246 1.552-3.13M12.22 14.75 3.808 6.338a3.25 3.25 0 0 0 .33 4.21l6.142 6.141z"" fill-rule=""evenodd""></path></svg></div><span class=""biGQs _P pZUbB biKBZ hmDzD"">Cuisine</span><div class=""JSTna""><svg aria-labelledby="":lithium-R1lkkbrbnknjlq:"" class=""UctUV d H0"" height=""12"" viewbox=""0 0 128 24"" width=""68""><title id="":lithium-R1lkkbrbnknjlq:"">4,7 sur 5 bulles</title><path d=""M 12 0C5.388 0 0 5.388 0 12s5.388 12 12 12 12-5.38 12-12c0-6.612-5.38-12-12-12z"" transform=""""></path><path d=""M 12 0C5.388 0 0 5.388 0 12s5.388 12 12 12 12-5.38 12-12c0-6.612-5.38-12-12-12z"" transform=""translate(26 0)""></path><path d=""M 12 0C5.388 0 0 5.388 0 12s5.388 12 12 12 12-5.38 12-12c0-6.612-5.38-12-12-12z"" transform=""translate(52 0)""></path><path d=""M 12 0C5.388 0 0 5.388 0 12s5.388 12 12 12 12-5.38 12-12c0-6.612-5.38-12-12-12z"" transform=""translate(78 0)""></path><path d=""M 12 0C5.389 0 0 5.389 0 12c0 6.62 5.389 12 12 12 6.62 0 12-5.379 12-12S18.621 0 12 0zm0 2a9.984 9.984 0 0110 10 9.976 9.976 0 01-10 10z"" transform=""translate(104 0)""></path></svg></div></div>, <div class=""YwaWb u f""><div class=""_W I""><svg class=""d Vb UmNoP"" height=""14px"" viewbox=""0 0 24 24"" width=""14px""><path clip-rule=""evenodd"" d=""M11.997 4.25a.75.75 0 0 1 .75.75v1.281c4.481.378 8.004 4.139 8.004 8.717v.75H3.255v-.75a8.75 8.75 0 0 1 7.992-8.716V5a.75.75 0 0 1 .75-.75m-7.204 9.998h14.42a7.248 7.248 0 0 0-14.42 0M21 19.748H3v-1.5h18z"" fill-rule=""evenodd""></path></svg></div><span class=""biGQs _P pZUbB biKBZ hmDzD"">Service</span><div class=""JSTna""><svg aria-labelledby="":lithium-R1nkkbrbnknjlq:"" class=""UctUV d H0"" height=""12"" viewbox=""0 0 128 24"" width=""68""><title id="":lithium-R1nkkbrbnknjlq:"">4,9 sur 5 bulles</title><path d=""M 12 0C5.388 0 0 5.388 0 12s5.388 12 12 12 12-5.38 12-12c0-6.612-5.38-12-12-12z"" transform=""""></path><path d=""M 12 0C5.388 0 0 5.388 0 12s5.388 12 12 12 12-5.38 12-12c0-6.612-5.38-12-12-12z"" transform=""translate(26 0)""></path><path d=""M 12 0C5.388 0 0 5.388 0 12s5.388 12 12 12 12-5.38 12-12c0-6.612-5.38-12-12-12z"" transform=""translate(52 0)""></path><path d=""M 12 0C5.388 0 0 5.388 0 12s5.388 12 12 12 12-5.38 12-12c0-6.612-5.38-12-12-12z"" transform=""translate(78 0)""></path><path d=""M 12 0C5.388 0 0 5.388 0 12s5.388 12 12 12 12-5.38 12-12c0-6.612-5.38-12-12-12z"" transform=""translate(104 0)""></path></svg></div></div>, <div class=""YwaWb u f""><div class=""_W I""><svg class=""d Vb UmNoP"" height=""14px"" viewbox=""0 0 24 24"" width=""14px""><path clip-rule=""evenodd"" d=""m18.873 7.76-1.16-4.05a.5.5 0 0 0-.619-.344L2.226 7.623A.5.5 0 0 0 2 7.761zm-6.44-1.5h4.45l-.337-1.177z"" fill-rule=""evenodd""></path><path clip-rule=""evenodd"" d=""M3.5 8.39v10.763h17V8.39zm-1-1.5a.5.5 0 0 0-.5.5v12.763a.5.5 0 0 0 .5.5h19a.5.5 0 0 0 .5-.5V7.39a.5.5 0 0 0-.5-.5z"" fill-rule=""evenodd""></path><path d=""M18.873 13.29a1.15 1.15 0 1 1-2.3 0 1.15 1.15 0 0 1 2.3 0""></path></svg></div><span class=""biGQs _P pZUbB biKBZ hmDzD"">Rapport qualité-prix</span><div class=""JSTna""><svg aria-labelledby="":lithium-R1pkkbrbnknjlq:"" class=""UctUV d H0"" height=""12"" viewbox=""0 0 128 24"" width=""68""><title id="":lithium-R1pkkbrbnknjlq:"">4,0 sur 5 bulles</title><path d=""M 12 0C5.388 0 0 5.388 0 12s5.388 12 12 12 12-5.38 12-12c0-6.612-5.38-12-12-12z"" transform=""""></path><path d=""M 12 0C5.388 0 0 5.388 0 12s5.388 12 12 12 12-5.38 12-12c0-6.612-5.38-12-12-12z"" transform=""translate(26 0)""></path><path d=""M 12 0C5.388 0 0 5.388 0 12s5.388 12 12 12 12-5.38 12-12c0-6.612-5.38-12-12-12z"" transform=""translate(52 0)""></path><path d=""M 12 0C5.388 0 0 5.388 0 12s5.388 12 12 12 12-5.38 12-12c0-6.612-5.38-12-12-12z"" transform=""translate(78 0)""></path><path d=""M 12 0C5.388 0 0 5.388 0 12s5.388 12 12 12 12-5.38 12-12c0-6.612-5.38-12-12-12zm0 2a9.983 9.983 0 019.995 10 10 10 0 01-10 10A10 10 0 012 12 10 10 0 0112 2z"" transform=""translate(104 0)""></path></svg></div></div>], 'RAPPORT QUALITÉ-PRIX': [<div class=""YwaWb u f""><div class=""_W I""><svg class=""d Vb UmNoP"" height=""14px"" viewbox=""0 0 24 24"" width=""14px""><path clip-rule=""evenodd"" d=""M13.578 4.891 16.25 2.22l1.06 1.06-2.671 2.672c-.679.679-1.055 1.462-1.12 2.199-.043.5.054 1.003.327 1.472L18.75 4.72l1.06 1.06-4.906 4.906c.473.281.974.387 1.466.354.718-.047 1.467-.394 2.096-1.023A904 904 0 0 0 21.02 7.45l.226-.228h.001l1.066 1.055-.227.23a957 957 0 0 1-2.56 2.57c-.849.849-1.927 1.384-3.057 1.459a4.03 4.03 0 0 1-2.647-.768L12.591 13l7.72 7.72-1.061 1.06-5.97-5.97-3 3-1.75-1.75-4.72 4.72-1.06-1.06L7.47 16l-4.392-4.391a4.75 4.75 0 0 1 0-6.718l.702-.702 7.75 7.75 1.233-1.232a3.97 3.97 0 0 1-.737-2.686c.1-1.147.669-2.246 1.552-3.13M12.22 14.75 3.808 6.338a3.25 3.25 0 0 0 .33 4.21l6.142 6.141z"" fill-rule=""evenodd""></path></svg></div><span class=""biGQs _P pZUbB biKBZ hmDzD"">Cuisine</span><div class=""JSTna""><svg aria-labelledby="":lithium-R1lkkbrbnknjlq:"" class=""UctUV d H0"" height=""12"" viewbox=""0 0 128 24"" width=""68""><title id="":lithium-R1lkkbrbnknjlq:"">4,7 sur 5 bulles</title><path d=""M 12 0C5.388 0 0 5.388 0 12s5.388 12 12 12 12-5.38 12-12c0-6.612-5.38-12-12-12z"" transform=""""></path><path d=""M 12 0C5.388 0 0 5.388 0 12s5.388 12 12 12 12-5.38 12-12c0-6.612-5.38-12-12-12z"" transform=""translate(26 0)""></path><path d=""M 12 0C5.388 0 0 5.388 0 12s5.388 12 12 12 12-5.38 12-12c0-6.612-5.38-12-12-12z"" transform=""translate(52 0)""></path><path d=""M 12 0C5.388 0 0 5.388 0 12s5.388 12 12 12 12-5.38 12-12c0-6.612-5.38-12-12-12z"" transform=""translate(78 0)""></path><path d=""M 12 0C5.389 0 0 5.389 0 12c0 6.62 5.389 12 12 12 6.62 0 12-5.379 12-12S18.621 0 12 0zm0 2a9.984 9.984 0 0110 10 9.976 9.976 0 01-10 10z"" transform=""translate(104 0)""></path></svg></div></div>, <div class=""YwaWb u f""><div class=""_W I""><svg class=""d Vb UmNoP"" height=""14px"" viewbox=""0 0 24 24"" width=""14px""><path clip-rule=""evenodd"" d=""M11.997 4.25a.75.75 0 0 1 .75.75v1.281c4.481.378 8.004 4.139 8.004 8.717v.75H3.255v-.75a8.75 8.75 0 0 1 7.992-8.716V5a.75.75 0 0 1 .75-.75m-7.204 9.998h14.42a7.248 7.248 0 0 0-14.42 0M21 19.748H3v-1.5h18z"" fill-rule=""evenodd""></path></svg></div><span class=""biGQs _P pZUbB biKBZ hmDzD"">Service</span><div class=""JSTna""><svg aria-labelledby="":lithium-R1nkkbrbnknjlq:"" class=""UctUV d H0"" height=""12"" viewbox=""0 0 128 24"" width=""68""><title id="":lithium-R1nkkbrbnknjlq:"">4,9 sur 5 bulles</title><path d=""M 12 0C5.388 0 0 5.388 0 12s5.388 12 12 12 12-5.38 12-12c0-6.612-5.38-12-12-12z"" transform=""""></path><path d=""M 12 0C5.388 0 0 5.388 0 12s5.388 12 12 12 12-5.38 12-12c0-6.612-5.38-12-12-12z"" transform=""translate(26 0)""></path><path d=""M 12 0C5.388 0 0 5.388 0 12s5.388 12 12 12 12-5.38 12-12c0-6.612-5.38-12-12-12z"" transform=""translate(52 0)""></path><path d=""M 12 0C5.388 0 0 5.388 0 12s5.388 12 12 12 12-5.38 12-12c0-6.612-5.38-12-12-12z"" transform=""translate(78 0)""></path><path d=""M 12 0C5.388 0 0 5.388 0 12s5.388 12 12 12 12-5.38 12-12c0-6.612-5.38-12-12-12z"" transform=""translate(104 0)""></path></svg></div></div>, <div class=""YwaWb u f""><div class=""_W I""><svg class=""d Vb UmNoP"" height=""14px"" viewbox=""0 0 24 24"" width=""14px""><path clip-rule=""evenodd"" d=""m18.873 7.76-1.16-4.05a.5.5 0 0 0-.619-.344L2.226 7.623A.5.5 0 0 0 2 7.761zm-6.44-1.5h4.45l-.337-1.177z"" fill-rule=""evenodd""></path><path clip-rule=""evenodd"" d=""M3.5 8.39v10.763h17V8.39zm-1-1.5a.5.5 0 0 0-.5.5v12.763a.5.5 0 0 0 .5.5h19a.5.5 0 0 0 .5-.5V7.39a.5.5 0 0 0-.5-.5z"" fill-rule=""evenodd""></path><path d=""M18.873 13.29a1.15 1.15 0 1 1-2.3 0 1.15 1.15 0 0 1 2.3 0""></path></svg></div><span class=""biGQs _P pZUbB biKBZ hmDzD"">Rapport qualité-prix</span><div class=""JSTna""><svg aria-labelledby="":lithium-R1pkkbrbnknjlq:"" class=""UctUV d H0"" height=""12"" viewbox=""0 0 128 24"" width=""68""><title id="":lithium-R1pkkbrbnknjlq:"">4,0 sur 5 bulles</title><path d=""M 12 0C5.388 0 0 5.388 0 12s5.388 12 12 12 12-5.38 12-12c0-6.612-5.38-12-12-12z"" transform=""""></path><path d=""M 12 0C5.388 0 0 5.388 0 12s5.388 12 12 12 12-5.38 12-12c0-6.612-5.38-12-12-12z"" transform=""translate(26 0)""></path><path d=""M 12 0C5.388 0 0 5.388 0 12s5.388 12 12 12 12-5.38 12-12c0-6.612-5.38-12-12-12z"" transform=""translate(52 0)""></path><path d=""M 12 0C5.388 0 0 5.388 0 12s5.388 12 12 12 12-5.38 12-12c0-6.612-5.38-12-12-12z"" transform=""translate(78 0)""></path><path d=""M 12 0C5.388 0 0 5.388 0 12s5.388 12 12 12 12-5.38 12-12c0-6.612-5.38-12-12-12zm0 2a9.983 9.983 0 019.995 10 10 10 0 01-10 10A10 10 0 012 12 10 10 0 0112 2z"" transform=""translate(104 0)""></path></svg></div></div>], 'AMBIANCE': [<div class=""YwaWb u f""><div class=""_W I""><svg class=""d Vb UmNoP"" height=""14px"" viewbox=""0 0 24 24"" width=""14px""><path clip-rule=""evenodd"" d=""M13.578 4.891 16.25 2.22l1.06 1.06-2.671 2.672c-.679.679-1.055 1.462-1.12 2.199-.043.5.054 1.003.327 1.472L18.75 4.72l1.06 1.06-4.906 4.906c.473.281.974.387 1.466.354.718-.047 1.467-.394 2.096-1.023A904 904 0 0 0 21.02 7.45l.226-.228h.001l1.066 1.055-.227.23a957 957 0 0 1-2.56 2.57c-.849.849-1.927 1.384-3.057 1.459a4.03 4.03 0 0 1-2.647-.768L12.591 13l7.72 7.72-1.061 1.06-5.97-5.97-3 3-1.75-1.75-4.72 4.72-1.06-1.06L7.47 16l-4.392-4.391a4.75 4.75 0 0 1 0-6.718l.702-.702 7.75 7.75 1.233-1.232a3.97 3.97 0 0 1-.737-2.686c.1-1.147.669-2.246 1.552-3.13M12.22 14.75 3.808 6.338a3.25 3.25 0 0 0 .33 4.21l6.142 6.141z"" fill-rule=""evenodd""></path></svg></div><span class=""biGQs _P pZUbB biKBZ hmDzD"">Cuisine</span><div class=""JSTna""><svg aria-labelledby="":lithium-R1lkkbrbnknjlq:"" class=""UctUV d H0"" height=""12"" viewbox=""0 0 128 24"" width=""68""><title id="":lithium-R1lkkbrbnknjlq:"">4,7 sur 5 bulles</title><path d=""M 12 0C5.388 0 0 5.388 0 12s5.388 12 12 12 12-5.38 12-12c0-6.612-5.38-12-12-12z"" transform=""""></path><path d=""M 12 0C5.388 0 0 5.388 0 12s5.388 12 12 12 12-5.38 12-12c0-6.612-5.38-12-12-12z"" transform=""translate(26 0)""></path><path d=""M 12 0C5.388 0 0 5.388 0 12s5.388 12 12 12 12-5.38 12-12c0-6.612-5.38-12-12-12z"" transform=""translate(52 0)""></path><path d=""M 12 0C5.388 0 0 5.388 0 12s5.388 12 12 12 12-5.38 12-12c0-6.612-5.38-12-12-12z"" transform=""translate(78 0)""></path><path d=""M 12 0C5.389 0 0 5.389 0 12c0 6.62 5.389 12 12 12 6.62 0 12-5.379 12-12S18.621 0 12 0zm0 2a9.984 9.984 0 0110 10 9.976 9.976 0 01-10 10z"" transform=""translate(104 0)""></path></svg></div></div>, <div class=""YwaWb u f""><div class=""_W I""><svg class=""d Vb UmNoP"" height=""14px"" viewbox=""0 0 24 24"" width=""14px""><path clip-rule=""evenodd"" d=""M11.997 4.25a.75.75 0 0 1 .75.75v1.281c4.481.378 8.004 4.139 8.004 8.717v.75H3.255v-.75a8.75 8.75 0 0 1 7.992-8.716V5a.75.75 0 0 1 .75-.75m-7.204 9.998h14.42a7.248 7.248 0 0 0-14.42 0M21 19.748H3v-1.5h18z"" fill-rule=""evenodd""></path></svg></div><span class=""biGQs _P pZUbB biKBZ hmDzD"">Service</span><div class=""JSTna""><svg aria-labelledby="":lithium-R1nkkbrbnknjlq:"" class=""UctUV d H0"" height=""12"" viewbox=""0 0 128 24"" width=""68""><title id="":lithium-R1nkkbrbnknjlq:"">4,9 sur 5 bulles</title><path d=""M 12 0C5.388 0 0 5.388 0 12s5.388 12 12 12 12-5.38 12-12c0-6.612-5.38-12-12-12z"" transform=""""></path><path d=""M 12 0C5.388 0 0 5.388 0 12s5.388 12 12 12 12-5.38 12-12c0-6.612-5.38-12-12-12z"" transform=""translate(26 0)""></path><path d=""M 12 0C5.388 0 0 5.388 0 12s5.388 12 12 12 12-5.38 12-12c0-6.612-5.38-12-12-12z"" transform=""translate(52 0)""></path><path d=""M 12 0C5.388 0 0 5.388 0 12s5.388 12 12 12 12-5.38 12-12c0-6.612-5.38-12-12-12z"" transform=""translate(78 0)""></path><path d=""M 12 0C5.388 0 0 5.388 0 12s5.388 12 12 12 12-5.38 12-12c0-6.612-5.38-12-12-12z"" transform=""translate(104 0)""></path></svg></div></div>, <div class=""YwaWb u f""><div class=""_W I""><svg class=""d Vb UmNoP"" height=""14px"" viewbox=""0 0 24 24"" width=""14px""><path clip-rule=""evenodd"" d=""m18.873 7.76-1.16-4.05a.5.5 0 0 0-.619-.344L2.226 7.623A.5.5 0 0 0 2 7.761zm-6.44-1.5h4.45l-.337-1.177z"" fill-rule=""evenodd""></path><path clip-rule=""evenodd"" d=""M3.5 8.39v10.763h17V8.39zm-1-1.5a.5.5 0 0 0-.5.5v12.763a.5.5 0 0 0 .5.5h19a.5.5 0 0 0 .5-.5V7.39a.5.5 0 0 0-.5-.5z"" fill-rule=""evenodd""></path><path d=""M18.873 13.29a1.15 1.15 0 1 1-2.3 0 1.15 1.15 0 0 1 2.3 0""></path></svg></div><span class=""biGQs _P pZUbB biKBZ hmDzD"">Rapport qualité-prix</span><div class=""JSTna""><svg aria-labelledby="":lithium-R1pkkbrbnknjlq:"" class=""UctUV d H0"" height=""12"" viewbox=""0 0 128 24"" width=""68""><title id="":lithium-R1pkkbrbnknjlq:"">4,0 sur 5 bulles</title><path d=""M 12 0C5.388 0 0 5.388 0 12s5.388 12 12 12 12-5.38 12-12c0-6.612-5.38-12-12-12z"" transform=""""></path><path d=""M 12 0C5.388 0 0 5.388 0 12s5.388 12 12 12 12-5.38 12-12c0-6.612-5.38-12-12-12z"" transform=""translate(26 0)""></path><path d=""M 12 0C5.388 0 0 5.388 0 12s5.388 12 12 12 12-5.38 12-12c0-6.612-5.38-12-12-12z"" transform=""translate(52 0)""></path><path d=""M 12 0C5.388 0 0 5.388 0 12s5.388 12 12 12 12-5.38 12-12c0-6.612-5.38-12-12-12z"" transform=""translate(78 0)""></path><path d=""M 12 0C5.388 0 0 5.388 0 12s5.388 12 12 12 12-5.38 12-12c0-6.612-5.38-12-12-12zm0 2a9.983 9.983 0 019.995 10 10 10 0 01-10 10A10 10 0 012 12 10 10 0 0112 2z"" transform=""translate(104 0)""></path></svg></div></div>]}, 'Détails': {'FOURCHETTE DE PRIX': '58,00\xa0€-79,00\xa0€', 'CUISINES': 'Française, Mexicaine, Fusion', 'REPAS': 'Dîner, Boissons', 'ÉTOILES MICHELIN': 0}, 'Emplacement et coordonnées': {'ADRESSE': '2 Rue Belfort Angle Rue Justin Godart, 69004 Lyon France', 'EMAIL': 'N/A', 'TELEPHONE': '+33 4 72 00 03 02'}}"
Saveurs D'orient;https://www.tripadvisor.fr/Restaurant_Review-g187265-d6591956-Reviews-Saveurs_D_orient-Lyon_Rhone_Auvergne_Rhone_Alpes.html;{'Notes et avis': {'NOTE GLOBALE': '4,5', 'CUISINE': '4,6', 'SERVICE': '4,4', 'RAPPORT QUALITÉ-PRIX': '4,4', 'AMBIANCE': '3,7'}, 'Détails': {'FOURCHETTE DE PRIX': '11,00\xa0€-16,00\xa0€', 'CUISINES': 'Barbecue/Grillades, Turque, Moyen-Orient', 'RÉGIMES SPÉCIAUX': 'Halal', 'ÉTOILES MICHELIN': 0}, 'Emplacement et coordonnées': {'ADRESSE': '46 cours Charlemagne, 69002 Lyon France', 'EMAIL': 'saveurs-dorient69@hotmail.com', 'TELEPHONE': '+33 4 72 56 07 66'}}
Chez Hugon;https://www.tripadvisor.fr/Restaurant_Review-g187265-d2657883-Reviews-Chez_Hugon-Lyon_Rhone_Auvergne_Rhone_Alpes.html;"{'Notes et avis': {'NOTE GLOBALE': '4,0', 'CUISINE': '4,0', 'SERVICE': '4,0', 'RAPPORT QUALITÉ-PRIX': '3,5', 'AMBIANCE': '4,0'}, 'Détails': {'CUISINES': 'Française, Saine', 'REPAS': 'Déjeuner, Dîner', 'FONCTIONNALITÉS': ""Réservations, Places assises, Sert de l'alcool, Cartes bancaires acceptées, Service de table"", 'ÉTOILES MICHELIN': 0}, 'Emplacement et coordonnées': {'ADRESSE': '12 Rue Pizay, 69001 Lyon France', 'EMAIL': 'N/A', 'TELEPHONE': '+33 4 78 28 10 94'}}"
